-- AUTOMATICALLY GENERATED SEED DATA
TRUNCATE TABLE policy_coverages, claims, vehicles, policies, customers RESTART IDENTITY CASCADE;

-- 1. CUSTOMERS
INSERT INTO customers (customer_id, first_name, last_name, gender, email, phone_number, dob, address_street, address_city, address_state, address_zip, marital_status, education_level, employment_status, annual_income, credit_tier, drivers_license_no, customer_since) VALUES (1, 'James', 'Smith', 'Male', 'james.smith1@example.com', '555-350-4657', '1967-07-09', '509 High St', 'Los Angeles', 'CA', '23434', 'Single', 'PhD', 'Self-Employed', 34165, 'Poor', 'DL-00000001', '2019-01-19');
INSERT INTO customers (customer_id, first_name, last_name, gender, email, phone_number, dob, address_street, address_city, address_state, address_zip, marital_status, education_level, employment_status, annual_income, credit_tier, drivers_license_no, customer_since) VALUES (2, 'James', 'Johnson', 'Male', 'james.johnson2@example.com', '555-716-1434', '1972-11-02', '3911 Lake St', 'Houston', 'TX', '95181', 'Widowed', 'Associate', 'Self-Employed', 107236, 'Good', 'DL-00000002', '2018-01-27');
INSERT INTO customers (customer_id, first_name, last_name, gender, email, phone_number, dob, address_street, address_city, address_state, address_zip, marital_status, education_level, employment_status, annual_income, credit_tier, drivers_license_no, customer_since) VALUES (3, 'James', 'Williams', 'Male', 'james.williams3@example.com', '555-384-3547', '1974-04-26', '7024 Park St', 'Chicago', 'IL', '54118', 'Single', 'High School', 'Self-Employed', 42676, 'Good', 'DL-00000003', '2021-11-09');
INSERT INTO customers (customer_id, first_name, last_name, gender, email, phone_number, dob, address_street, address_city, address_state, address_zip, marital_status, education_level, employment_status, annual_income, credit_tier, drivers_license_no, customer_since) VALUES (4, 'James', 'Brown', 'Male', 'james.brown4@example.com', '555-847-8527', '1966-03-14', '4433 Maple St', 'San Jose', 'CA', '59615', 'Single', 'PhD', 'Self-Employed', 138711, 'Excellent', 'DL-00000004', '2022-01-21');
INSERT INTO customers (customer_id, first_name, last_name, gender, email, phone_number, dob, address_street, address_city, address_state, address_zip, marital_status, education_level, employment_status, annual_income, credit_tier, drivers_license_no, customer_since) VALUES (5, 'James', 'Jones', 'Male', 'james.jones5@example.com', '555-146-4733', '1980-12-17', '3250 Oak St', 'San Jose', 'CA', '20458', 'Married', 'High School', 'Self-Employed', 66434, 'Very Good', 'DL-00000005', '2022-02-03');
INSERT INTO customers (customer_id, first_name, last_name, gender, email, phone_number, dob, address_street, address_city, address_state, address_zip, marital_status, education_level, employment_status, annual_income, credit_tier, drivers_license_no, customer_since) VALUES (6, 'James', 'Garcia', 'Male', 'james.garcia6@example.com', '555-314-5374', '1961-05-28', '6165 Park St', 'Chicago', 'IL', '89840', 'Married', 'PhD', 'Retired', 62087, 'Fair', 'DL-00000006', '2023-03-09');
INSERT INTO customers (customer_id, first_name, last_name, gender, email, phone_number, dob, address_street, address_city, address_state, address_zip, marital_status, education_level, employment_status, annual_income, credit_tier, drivers_license_no, customer_since) VALUES (7, 'James', 'Miller', 'Male', 'james.miller7@example.com', '555-324-6313', '1960-01-07', '4522 Lake St', 'San Antonio', 'TX', '40021', 'Single', 'Bachelors', 'Self-Employed', 65093, 'Poor', 'DL-00000007', '2020-05-14');
INSERT INTO customers (customer_id, first_name, last_name, gender, email, phone_number, dob, address_street, address_city, address_state, address_zip, marital_status, education_level, employment_status, annual_income, credit_tier, drivers_license_no, customer_since) VALUES (8, 'James', 'Davis', 'Male', 'james.davis8@example.com', '555-771-9179', '1990-06-30', '5255 Main St', 'San Jose', 'CA', '94259', 'Widowed', 'Associate', 'Self-Employed', 48301, 'Fair', 'DL-00000008', '2020-12-12');
INSERT INTO customers (customer_id, first_name, last_name, gender, email, phone_number, dob, address_street, address_city, address_state, address_zip, marital_status, education_level, employment_status, annual_income, credit_tier, drivers_license_no, customer_since) VALUES (9, 'James', 'Rodriguez', 'Male', 'james.rodriguez9@example.com', '555-508-6930', '1974-09-04', '7119 Hill St', 'San Jose', 'CA', '28131', 'Widowed', 'High School', 'Employed', 142866, 'Poor', 'DL-00000009', '2019-09-19');
INSERT INTO customers (customer_id, first_name, last_name, gender, email, phone_number, dob, address_street, address_city, address_state, address_zip, marital_status, education_level, employment_status, annual_income, credit_tier, drivers_license_no, customer_since) VALUES (10, 'James', 'Martinez', 'Male', 'james.martinez10@example.com', '555-165-7304', '1989-03-27', '7016 Hill St', 'Chicago', 'IL', '88104', 'Widowed', 'PhD', 'Self-Employed', 102512, 'Poor', 'DL-00000010', '2019-04-15');
INSERT INTO customers (customer_id, first_name, last_name, gender, email, phone_number, dob, address_street, address_city, address_state, address_zip, marital_status, education_level, employment_status, annual_income, credit_tier, drivers_license_no, customer_since) VALUES (11, 'John', 'Smith', 'Male', 'john.smith11@example.com', '555-214-5808', '1994-01-02', '4471 Park St', 'Dallas', 'TX', '30730', 'Widowed', 'High School', 'Retired', 144799, 'Good', 'DL-00000011', '2023-08-13');
INSERT INTO customers (customer_id, first_name, last_name, gender, email, phone_number, dob, address_street, address_city, address_state, address_zip, marital_status, education_level, employment_status, annual_income, credit_tier, drivers_license_no, customer_since) VALUES (12, 'John', 'Johnson', 'Male', 'john.johnson12@example.com', '555-991-5889', '2000-07-18', '8417 Oak St', 'Chicago', 'IL', '89818', 'Married', 'Associate', 'Self-Employed', 129943, 'Fair', 'DL-00000012', '2023-12-13');
INSERT INTO customers (customer_id, first_name, last_name, gender, email, phone_number, dob, address_street, address_city, address_state, address_zip, marital_status, education_level, employment_status, annual_income, credit_tier, drivers_license_no, customer_since) VALUES (13, 'John', 'Williams', 'Male', 'john.williams13@example.com', '555-600-1319', '1965-01-13', '9913 Park St', 'New York', 'NY', '57576', 'Divorced', 'Associate', 'Employed', 61571, 'Excellent', 'DL-00000013', '2018-11-19');
INSERT INTO customers (customer_id, first_name, last_name, gender, email, phone_number, dob, address_street, address_city, address_state, address_zip, marital_status, education_level, employment_status, annual_income, credit_tier, drivers_license_no, customer_since) VALUES (14, 'John', 'Brown', 'Male', 'john.brown14@example.com', '555-878-9727', '1966-04-13', '8062 Oak St', 'Los Angeles', 'CA', '26828', 'Widowed', 'PhD', 'Employed', 64741, 'Excellent', 'DL-00000014', '2022-09-30');
INSERT INTO customers (customer_id, first_name, last_name, gender, email, phone_number, dob, address_street, address_city, address_state, address_zip, marital_status, education_level, employment_status, annual_income, credit_tier, drivers_license_no, customer_since) VALUES (15, 'John', 'Jones', 'Male', 'john.jones15@example.com', '555-830-6107', '1990-10-18', '8935 Main St', 'Houston', 'TX', '98039', 'Divorced', 'Masters', 'Retired', 89177, 'Poor', 'DL-00000015', '2020-10-12');
INSERT INTO customers (customer_id, first_name, last_name, gender, email, phone_number, dob, address_street, address_city, address_state, address_zip, marital_status, education_level, employment_status, annual_income, credit_tier, drivers_license_no, customer_since) VALUES (16, 'John', 'Garcia', 'Male', 'john.garcia16@example.com', '555-121-4770', '1974-10-04', '1149 Park St', 'Houston', 'TX', '10942', 'Single', 'High School', 'Employed', 38834, 'Poor', 'DL-00000016', '2021-09-15');
INSERT INTO customers (customer_id, first_name, last_name, gender, email, phone_number, dob, address_street, address_city, address_state, address_zip, marital_status, education_level, employment_status, annual_income, credit_tier, drivers_license_no, customer_since) VALUES (17, 'John', 'Miller', 'Male', 'john.miller17@example.com', '555-385-8953', '1974-03-22', '8523 Main St', 'Los Angeles', 'CA', '80678', 'Married', 'PhD', 'Retired', 91953, 'Fair', 'DL-00000017', '2023-04-22');
INSERT INTO customers (customer_id, first_name, last_name, gender, email, phone_number, dob, address_street, address_city, address_state, address_zip, marital_status, education_level, employment_status, annual_income, credit_tier, drivers_license_no, customer_since) VALUES (18, 'John', 'Davis', 'Male', 'john.davis18@example.com', '555-199-8062', '1986-10-14', '3219 Oak St', 'San Antonio', 'TX', '65519', 'Widowed', 'Masters', 'Retired', 37100, 'Poor', 'DL-00000018', '2018-09-06');
INSERT INTO customers (customer_id, first_name, last_name, gender, email, phone_number, dob, address_street, address_city, address_state, address_zip, marital_status, education_level, employment_status, annual_income, credit_tier, drivers_license_no, customer_since) VALUES (19, 'John', 'Rodriguez', 'Male', 'john.rodriguez19@example.com', '555-354-4139', '1972-01-24', '5659 Oak St', 'San Antonio', 'TX', '80292', 'Widowed', 'Associate', 'Self-Employed', 54050, 'Good', 'DL-00000019', '2023-03-10');
INSERT INTO customers (customer_id, first_name, last_name, gender, email, phone_number, dob, address_street, address_city, address_state, address_zip, marital_status, education_level, employment_status, annual_income, credit_tier, drivers_license_no, customer_since) VALUES (20, 'John', 'Martinez', 'Male', 'john.martinez20@example.com', '555-927-2604', '1959-07-16', '1335 Washington St', 'Houston', 'TX', '95477', 'Single', 'High School', 'Employed', 51798, 'Very Good', 'DL-00000020', '2023-06-13');
INSERT INTO customers (customer_id, first_name, last_name, gender, email, phone_number, dob, address_street, address_city, address_state, address_zip, marital_status, education_level, employment_status, annual_income, credit_tier, drivers_license_no, customer_since) VALUES (21, 'Robert', 'Smith', 'Male', 'robert.smith21@example.com', '555-160-3697', '1988-12-31', '3602 Elm St', 'San Diego', 'CA', '10282', 'Widowed', 'Bachelors', 'Self-Employed', 67388, 'Very Good', 'DL-00000021', '2023-06-17');
INSERT INTO customers (customer_id, first_name, last_name, gender, email, phone_number, dob, address_street, address_city, address_state, address_zip, marital_status, education_level, employment_status, annual_income, credit_tier, drivers_license_no, customer_since) VALUES (22, 'Robert', 'Johnson', 'Male', 'robert.johnson22@example.com', '555-322-1958', '1960-06-20', '3211 High St', 'Chicago', 'IL', '51104', 'Single', 'High School', 'Retired', 92493, 'Excellent', 'DL-00000022', '2023-12-16');
INSERT INTO customers (customer_id, first_name, last_name, gender, email, phone_number, dob, address_street, address_city, address_state, address_zip, marital_status, education_level, employment_status, annual_income, credit_tier, drivers_license_no, customer_since) VALUES (23, 'Robert', 'Williams', 'Male', 'robert.williams23@example.com', '555-182-4044', '1961-02-23', '1031 Lake St', 'Chicago', 'IL', '87992', 'Single', 'Associate', 'Self-Employed', 45713, 'Excellent', 'DL-00000023', '2020-10-05');
INSERT INTO customers (customer_id, first_name, last_name, gender, email, phone_number, dob, address_street, address_city, address_state, address_zip, marital_status, education_level, employment_status, annual_income, credit_tier, drivers_license_no, customer_since) VALUES (24, 'Robert', 'Brown', 'Male', 'robert.brown24@example.com', '555-734-2343', '1992-08-11', '9840 Maple St', 'San Jose', 'CA', '96163', 'Divorced', 'Bachelors', 'Employed', 117782, 'Good', 'DL-00000024', '2020-09-04');
INSERT INTO customers (customer_id, first_name, last_name, gender, email, phone_number, dob, address_street, address_city, address_state, address_zip, marital_status, education_level, employment_status, annual_income, credit_tier, drivers_license_no, customer_since) VALUES (25, 'Robert', 'Jones', 'Male', 'robert.jones25@example.com', '555-787-5915', '1996-01-08', '6584 Cedar St', 'Phoenix', 'AZ', '51441', 'Single', 'High School', 'Self-Employed', 111416, 'Excellent', 'DL-00000025', '2019-02-14');
INSERT INTO customers (customer_id, first_name, last_name, gender, email, phone_number, dob, address_street, address_city, address_state, address_zip, marital_status, education_level, employment_status, annual_income, credit_tier, drivers_license_no, customer_since) VALUES (26, 'Robert', 'Garcia', 'Male', 'robert.garcia26@example.com', '555-618-5345', '1966-11-19', '8908 Main St', 'Los Angeles', 'CA', '55745', 'Single', 'Associate', 'Self-Employed', 67353, 'Fair', 'DL-00000026', '2022-11-30');
INSERT INTO customers (customer_id, first_name, last_name, gender, email, phone_number, dob, address_street, address_city, address_state, address_zip, marital_status, education_level, employment_status, annual_income, credit_tier, drivers_license_no, customer_since) VALUES (27, 'Robert', 'Miller', 'Male', 'robert.miller27@example.com', '555-926-9666', '1955-09-14', '5056 Hill St', 'Dallas', 'TX', '97538', 'Divorced', 'High School', 'Employed', 64664, 'Poor', 'DL-00000027', '2019-03-15');
INSERT INTO customers (customer_id, first_name, last_name, gender, email, phone_number, dob, address_street, address_city, address_state, address_zip, marital_status, education_level, employment_status, annual_income, credit_tier, drivers_license_no, customer_since) VALUES (28, 'Robert', 'Davis', 'Male', 'robert.davis28@example.com', '555-388-4450', '1985-10-05', '2646 High St', 'Dallas', 'TX', '36685', 'Divorced', 'PhD', 'Self-Employed', 62914, 'Poor', 'DL-00000028', '2019-01-14');
INSERT INTO customers (customer_id, first_name, last_name, gender, email, phone_number, dob, address_street, address_city, address_state, address_zip, marital_status, education_level, employment_status, annual_income, credit_tier, drivers_license_no, customer_since) VALUES (29, 'Robert', 'Rodriguez', 'Male', 'robert.rodriguez29@example.com', '555-103-6464', '1966-09-26', '4633 Maple St', 'San Antonio', 'TX', '93507', 'Divorced', 'Associate', 'Retired', 87912, 'Excellent', 'DL-00000029', '2022-10-18');
INSERT INTO customers (customer_id, first_name, last_name, gender, email, phone_number, dob, address_street, address_city, address_state, address_zip, marital_status, education_level, employment_status, annual_income, credit_tier, drivers_license_no, customer_since) VALUES (30, 'Robert', 'Martinez', 'Male', 'robert.martinez30@example.com', '555-177-3442', '1958-03-26', '258 Oak St', 'Dallas', 'TX', '58393', 'Married', 'Masters', 'Employed', 35482, 'Good', 'DL-00000030', '2022-02-02');
INSERT INTO customers (customer_id, first_name, last_name, gender, email, phone_number, dob, address_street, address_city, address_state, address_zip, marital_status, education_level, employment_status, annual_income, credit_tier, drivers_license_no, customer_since) VALUES (31, 'Michael', 'Smith', 'Male', 'michael.smith31@example.com', '555-798-5088', '1964-03-22', '5962 Main St', 'New York', 'NY', '56357', 'Widowed', 'PhD', 'Retired', 50257, 'Fair', 'DL-00000031', '2019-10-28');
INSERT INTO customers (customer_id, first_name, last_name, gender, email, phone_number, dob, address_street, address_city, address_state, address_zip, marital_status, education_level, employment_status, annual_income, credit_tier, drivers_license_no, customer_since) VALUES (32, 'Michael', 'Johnson', 'Male', 'michael.johnson32@example.com', '555-283-6442', '1991-12-09', '6855 Maple St', 'Chicago', 'IL', '97806', 'Married', 'Bachelors', 'Employed', 133202, 'Poor', 'DL-00000032', '2022-04-16');
INSERT INTO customers (customer_id, first_name, last_name, gender, email, phone_number, dob, address_street, address_city, address_state, address_zip, marital_status, education_level, employment_status, annual_income, credit_tier, drivers_license_no, customer_since) VALUES (33, 'Michael', 'Williams', 'Male', 'michael.williams33@example.com', '555-304-8541', '1986-05-15', '7811 Main St', 'New York', 'NY', '50001', 'Married', 'Associate', 'Employed', 116511, 'Fair', 'DL-00000033', '2022-06-21');
INSERT INTO customers (customer_id, first_name, last_name, gender, email, phone_number, dob, address_street, address_city, address_state, address_zip, marital_status, education_level, employment_status, annual_income, credit_tier, drivers_license_no, customer_since) VALUES (34, 'Michael', 'Brown', 'Male', 'michael.brown34@example.com', '555-891-5573', '1986-07-03', '4664 Oak St', 'Philadelphia', 'PA', '94080', 'Widowed', 'PhD', 'Self-Employed', 33617, 'Poor', 'DL-00000034', '2020-12-05');
INSERT INTO customers (customer_id, first_name, last_name, gender, email, phone_number, dob, address_street, address_city, address_state, address_zip, marital_status, education_level, employment_status, annual_income, credit_tier, drivers_license_no, customer_since) VALUES (35, 'Michael', 'Jones', 'Male', 'michael.jones35@example.com', '555-139-2776', '1993-12-26', '9612 High St', 'Chicago', 'IL', '55309', 'Divorced', 'Masters', 'Retired', 97033, 'Poor', 'DL-00000035', '2022-04-27');
INSERT INTO customers (customer_id, first_name, last_name, gender, email, phone_number, dob, address_street, address_city, address_state, address_zip, marital_status, education_level, employment_status, annual_income, credit_tier, drivers_license_no, customer_since) VALUES (36, 'Michael', 'Garcia', 'Male', 'michael.garcia36@example.com', '555-145-8144', '1955-02-25', '3214 High St', 'San Jose', 'CA', '78146', 'Married', 'Bachelors', 'Self-Employed', 39171, 'Good', 'DL-00000036', '2021-07-09');
INSERT INTO customers (customer_id, first_name, last_name, gender, email, phone_number, dob, address_street, address_city, address_state, address_zip, marital_status, education_level, employment_status, annual_income, credit_tier, drivers_license_no, customer_since) VALUES (37, 'Michael', 'Miller', 'Male', 'michael.miller37@example.com', '555-416-7691', '1984-04-06', '5020 Lake St', 'Los Angeles', 'CA', '62743', 'Divorced', 'PhD', 'Employed', 55144, 'Very Good', 'DL-00000037', '2022-04-02');
INSERT INTO customers (customer_id, first_name, last_name, gender, email, phone_number, dob, address_street, address_city, address_state, address_zip, marital_status, education_level, employment_status, annual_income, credit_tier, drivers_license_no, customer_since) VALUES (38, 'Michael', 'Davis', 'Male', 'michael.davis38@example.com', '555-515-9977', '1955-01-14', '9424 High St', 'Chicago', 'IL', '49829', 'Divorced', 'Associate', 'Self-Employed', 132990, 'Excellent', 'DL-00000038', '2021-08-12');
INSERT INTO customers (customer_id, first_name, last_name, gender, email, phone_number, dob, address_street, address_city, address_state, address_zip, marital_status, education_level, employment_status, annual_income, credit_tier, drivers_license_no, customer_since) VALUES (39, 'Michael', 'Rodriguez', 'Male', 'michael.rodriguez39@example.com', '555-791-4501', '2000-11-10', '7338 Washington St', 'San Diego', 'CA', '72021', 'Married', 'High School', 'Self-Employed', 97561, 'Excellent', 'DL-00000039', '2021-10-04');
INSERT INTO customers (customer_id, first_name, last_name, gender, email, phone_number, dob, address_street, address_city, address_state, address_zip, marital_status, education_level, employment_status, annual_income, credit_tier, drivers_license_no, customer_since) VALUES (40, 'Michael', 'Martinez', 'Male', 'michael.martinez40@example.com', '555-330-4262', '1968-03-21', '3948 High St', 'Los Angeles', 'CA', '13201', 'Single', 'Associate', 'Self-Employed', 110120, 'Poor', 'DL-00000040', '2023-02-09');
INSERT INTO customers (customer_id, first_name, last_name, gender, email, phone_number, dob, address_street, address_city, address_state, address_zip, marital_status, education_level, employment_status, annual_income, credit_tier, drivers_license_no, customer_since) VALUES (41, 'William', 'Smith', 'Male', 'william.smith41@example.com', '555-835-7291', '1999-05-09', '9531 Main St', 'San Antonio', 'TX', '62383', 'Married', 'Associate', 'Retired', 120128, 'Poor', 'DL-00000041', '2019-03-13');
INSERT INTO customers (customer_id, first_name, last_name, gender, email, phone_number, dob, address_street, address_city, address_state, address_zip, marital_status, education_level, employment_status, annual_income, credit_tier, drivers_license_no, customer_since) VALUES (42, 'William', 'Johnson', 'Male', 'william.johnson42@example.com', '555-923-9486', '1996-09-04', '3685 Cedar St', 'San Antonio', 'TX', '16582', 'Married', 'High School', 'Self-Employed', 47477, 'Very Good', 'DL-00000042', '2023-12-16');
INSERT INTO customers (customer_id, first_name, last_name, gender, email, phone_number, dob, address_street, address_city, address_state, address_zip, marital_status, education_level, employment_status, annual_income, credit_tier, drivers_license_no, customer_since) VALUES (43, 'William', 'Williams', 'Male', 'william.williams43@example.com', '555-873-8251', '2000-04-14', '9855 Park St', 'Dallas', 'TX', '65933', 'Widowed', 'Associate', 'Retired', 142917, 'Very Good', 'DL-00000043', '2023-01-18');
INSERT INTO customers (customer_id, first_name, last_name, gender, email, phone_number, dob, address_street, address_city, address_state, address_zip, marital_status, education_level, employment_status, annual_income, credit_tier, drivers_license_no, customer_since) VALUES (44, 'William', 'Brown', 'Male', 'william.brown44@example.com', '555-884-9540', '1998-06-23', '4150 High St', 'Phoenix', 'AZ', '92149', 'Married', 'Bachelors', 'Self-Employed', 40155, 'Good', 'DL-00000044', '2020-08-18');
INSERT INTO customers (customer_id, first_name, last_name, gender, email, phone_number, dob, address_street, address_city, address_state, address_zip, marital_status, education_level, employment_status, annual_income, credit_tier, drivers_license_no, customer_since) VALUES (45, 'William', 'Jones', 'Male', 'william.jones45@example.com', '555-653-2320', '1967-06-01', '5602 Park St', 'Phoenix', 'AZ', '29769', 'Married', 'Masters', 'Retired', 50028, 'Fair', 'DL-00000045', '2018-09-21');
INSERT INTO customers (customer_id, first_name, last_name, gender, email, phone_number, dob, address_street, address_city, address_state, address_zip, marital_status, education_level, employment_status, annual_income, credit_tier, drivers_license_no, customer_since) VALUES (46, 'William', 'Garcia', 'Male', 'william.garcia46@example.com', '555-655-8633', '1992-04-20', '6778 Park St', 'San Antonio', 'TX', '18161', 'Married', 'Masters', 'Self-Employed', 148598, 'Excellent', 'DL-00000046', '2018-03-22');
INSERT INTO customers (customer_id, first_name, last_name, gender, email, phone_number, dob, address_street, address_city, address_state, address_zip, marital_status, education_level, employment_status, annual_income, credit_tier, drivers_license_no, customer_since) VALUES (47, 'William', 'Miller', 'Male', 'william.miller47@example.com', '555-106-6763', '1981-10-15', '6332 Washington St', 'San Jose', 'CA', '61116', 'Widowed', 'PhD', 'Retired', 126289, 'Excellent', 'DL-00000047', '2020-06-22');
INSERT INTO customers (customer_id, first_name, last_name, gender, email, phone_number, dob, address_street, address_city, address_state, address_zip, marital_status, education_level, employment_status, annual_income, credit_tier, drivers_license_no, customer_since) VALUES (48, 'William', 'Davis', 'Male', 'william.davis48@example.com', '555-546-8956', '1957-08-09', '3695 High St', 'San Diego', 'CA', '60968', 'Divorced', 'Masters', 'Retired', 51632, 'Very Good', 'DL-00000048', '2019-06-07');
INSERT INTO customers (customer_id, first_name, last_name, gender, email, phone_number, dob, address_street, address_city, address_state, address_zip, marital_status, education_level, employment_status, annual_income, credit_tier, drivers_license_no, customer_since) VALUES (49, 'William', 'Rodriguez', 'Male', 'william.rodriguez49@example.com', '555-503-1444', '1962-07-13', '8851 Maple St', 'San Jose', 'CA', '94246', 'Widowed', 'Associate', 'Self-Employed', 53819, 'Poor', 'DL-00000049', '2020-12-01');
INSERT INTO customers (customer_id, first_name, last_name, gender, email, phone_number, dob, address_street, address_city, address_state, address_zip, marital_status, education_level, employment_status, annual_income, credit_tier, drivers_license_no, customer_since) VALUES (50, 'William', 'Martinez', 'Male', 'william.martinez50@example.com', '555-565-6355', '1985-04-12', '5463 Main St', 'San Antonio', 'TX', '59692', 'Divorced', 'Masters', 'Self-Employed', 139433, 'Poor', 'DL-00000050', '2023-04-11');
INSERT INTO customers (customer_id, first_name, last_name, gender, email, phone_number, dob, address_street, address_city, address_state, address_zip, marital_status, education_level, employment_status, annual_income, credit_tier, drivers_license_no, customer_since) VALUES (51, 'Mary', 'Smith', 'Female', 'mary.smith51@example.com', '555-458-4673', '1961-02-26', '8937 Maple St', 'New York', 'NY', '95426', 'Single', 'High School', 'Employed', 56130, 'Poor', 'DL-00000051', '2019-09-17');
INSERT INTO customers (customer_id, first_name, last_name, gender, email, phone_number, dob, address_street, address_city, address_state, address_zip, marital_status, education_level, employment_status, annual_income, credit_tier, drivers_license_no, customer_since) VALUES (52, 'Mary', 'Johnson', 'Female', 'mary.johnson52@example.com', '555-785-2874', '1974-07-22', '2168 Washington St', 'Houston', 'TX', '70952', 'Divorced', 'Bachelors', 'Employed', 109415, 'Excellent', 'DL-00000052', '2019-04-15');
INSERT INTO customers (customer_id, first_name, last_name, gender, email, phone_number, dob, address_street, address_city, address_state, address_zip, marital_status, education_level, employment_status, annual_income, credit_tier, drivers_license_no, customer_since) VALUES (53, 'Mary', 'Williams', 'Female', 'mary.williams53@example.com', '555-692-1420', '1982-12-27', '5196 Oak St', 'Chicago', 'IL', '85470', 'Widowed', 'Masters', 'Retired', 55995, 'Poor', 'DL-00000053', '2020-09-21');
INSERT INTO customers (customer_id, first_name, last_name, gender, email, phone_number, dob, address_street, address_city, address_state, address_zip, marital_status, education_level, employment_status, annual_income, credit_tier, drivers_license_no, customer_since) VALUES (54, 'Mary', 'Brown', 'Female', 'mary.brown54@example.com', '555-924-2983', '1958-09-07', '5041 Hill St', 'Los Angeles', 'CA', '55508', 'Widowed', 'Bachelors', 'Employed', 96317, 'Good', 'DL-00000054', '2018-02-21');
INSERT INTO customers (customer_id, first_name, last_name, gender, email, phone_number, dob, address_street, address_city, address_state, address_zip, marital_status, education_level, employment_status, annual_income, credit_tier, drivers_license_no, customer_since) VALUES (55, 'Mary', 'Jones', 'Female', 'mary.jones55@example.com', '555-543-6934', '1996-03-30', '8131 Oak St', 'San Antonio', 'TX', '30052', 'Widowed', 'Associate', 'Retired', 98386, 'Good', 'DL-00000055', '2023-06-04');
INSERT INTO customers (customer_id, first_name, last_name, gender, email, phone_number, dob, address_street, address_city, address_state, address_zip, marital_status, education_level, employment_status, annual_income, credit_tier, drivers_license_no, customer_since) VALUES (56, 'Mary', 'Garcia', 'Female', 'mary.garcia56@example.com', '555-374-6280', '1977-01-09', '7236 Hill St', 'San Diego', 'CA', '21359', 'Divorced', 'Masters', 'Employed', 128366, 'Very Good', 'DL-00000056', '2022-04-02');
INSERT INTO customers (customer_id, first_name, last_name, gender, email, phone_number, dob, address_street, address_city, address_state, address_zip, marital_status, education_level, employment_status, annual_income, credit_tier, drivers_license_no, customer_since) VALUES (57, 'Mary', 'Miller', 'Female', 'mary.miller57@example.com', '555-971-6325', '1971-04-25', '570 Washington St', 'Philadelphia', 'PA', '73904', 'Married', 'Bachelors', 'Self-Employed', 74608, 'Good', 'DL-00000057', '2021-02-05');
INSERT INTO customers (customer_id, first_name, last_name, gender, email, phone_number, dob, address_street, address_city, address_state, address_zip, marital_status, education_level, employment_status, annual_income, credit_tier, drivers_license_no, customer_since) VALUES (58, 'Mary', 'Davis', 'Female', 'mary.davis58@example.com', '555-295-2402', '1976-08-26', '266 Lake St', 'Dallas', 'TX', '63271', 'Widowed', 'PhD', 'Employed', 120519, 'Very Good', 'DL-00000058', '2023-07-04');
INSERT INTO customers (customer_id, first_name, last_name, gender, email, phone_number, dob, address_street, address_city, address_state, address_zip, marital_status, education_level, employment_status, annual_income, credit_tier, drivers_license_no, customer_since) VALUES (59, 'Mary', 'Rodriguez', 'Female', 'mary.rodriguez59@example.com', '555-401-4630', '1991-04-13', '382 Oak St', 'San Diego', 'CA', '41890', 'Divorced', 'PhD', 'Self-Employed', 92031, 'Excellent', 'DL-00000059', '2023-12-15');
INSERT INTO customers (customer_id, first_name, last_name, gender, email, phone_number, dob, address_street, address_city, address_state, address_zip, marital_status, education_level, employment_status, annual_income, credit_tier, drivers_license_no, customer_since) VALUES (60, 'Mary', 'Martinez', 'Female', 'mary.martinez60@example.com', '555-438-6764', '1995-09-16', '7071 Lake St', 'Philadelphia', 'PA', '45509', 'Divorced', 'Bachelors', 'Employed', 45814, 'Fair', 'DL-00000060', '2021-07-16');
INSERT INTO customers (customer_id, first_name, last_name, gender, email, phone_number, dob, address_street, address_city, address_state, address_zip, marital_status, education_level, employment_status, annual_income, credit_tier, drivers_license_no, customer_since) VALUES (61, 'Patricia', 'Smith', 'Female', 'patricia.smith61@example.com', '555-296-4545', '1998-06-10', '8879 Cedar St', 'Los Angeles', 'CA', '46241', 'Divorced', 'High School', 'Employed', 68829, 'Fair', 'DL-00000061', '2022-01-18');
INSERT INTO customers (customer_id, first_name, last_name, gender, email, phone_number, dob, address_street, address_city, address_state, address_zip, marital_status, education_level, employment_status, annual_income, credit_tier, drivers_license_no, customer_since) VALUES (62, 'Patricia', 'Johnson', 'Female', 'patricia.johnson62@example.com', '555-825-9751', '1966-05-10', '5052 Maple St', 'Chicago', 'IL', '45954', 'Single', 'High School', 'Retired', 68290, 'Fair', 'DL-00000062', '2023-07-04');
INSERT INTO customers (customer_id, first_name, last_name, gender, email, phone_number, dob, address_street, address_city, address_state, address_zip, marital_status, education_level, employment_status, annual_income, credit_tier, drivers_license_no, customer_since) VALUES (63, 'Patricia', 'Williams', 'Female', 'patricia.williams63@example.com', '555-391-8690', '1997-12-12', '300 Hill St', 'Los Angeles', 'CA', '67733', 'Divorced', 'Associate', 'Employed', 63092, 'Very Good', 'DL-00000063', '2019-04-13');
INSERT INTO customers (customer_id, first_name, last_name, gender, email, phone_number, dob, address_street, address_city, address_state, address_zip, marital_status, education_level, employment_status, annual_income, credit_tier, drivers_license_no, customer_since) VALUES (64, 'Patricia', 'Brown', 'Female', 'patricia.brown64@example.com', '555-175-1878', '1968-08-11', '6665 Washington St', 'Los Angeles', 'CA', '29555', 'Divorced', 'High School', 'Employed', 45525, 'Excellent', 'DL-00000064', '2022-09-01');
INSERT INTO customers (customer_id, first_name, last_name, gender, email, phone_number, dob, address_street, address_city, address_state, address_zip, marital_status, education_level, employment_status, annual_income, credit_tier, drivers_license_no, customer_since) VALUES (65, 'Patricia', 'Jones', 'Female', 'patricia.jones65@example.com', '555-331-9561', '1989-02-15', '9866 Hill St', 'San Jose', 'CA', '69049', 'Widowed', 'Bachelors', 'Retired', 86207, 'Good', 'DL-00000065', '2018-09-04');
INSERT INTO customers (customer_id, first_name, last_name, gender, email, phone_number, dob, address_street, address_city, address_state, address_zip, marital_status, education_level, employment_status, annual_income, credit_tier, drivers_license_no, customer_since) VALUES (66, 'Patricia', 'Garcia', 'Female', 'patricia.garcia66@example.com', '555-740-4457', '1978-09-28', '1725 Main St', 'San Jose', 'CA', '96563', 'Single', 'Associate', 'Employed', 52782, 'Excellent', 'DL-00000066', '2018-11-04');
INSERT INTO customers (customer_id, first_name, last_name, gender, email, phone_number, dob, address_street, address_city, address_state, address_zip, marital_status, education_level, employment_status, annual_income, credit_tier, drivers_license_no, customer_since) VALUES (67, 'Patricia', 'Miller', 'Female', 'patricia.miller67@example.com', '555-561-8699', '1981-02-16', '143 Elm St', 'Chicago', 'IL', '14278', 'Married', 'Bachelors', 'Retired', 67056, 'Very Good', 'DL-00000067', '2018-10-19');
INSERT INTO customers (customer_id, first_name, last_name, gender, email, phone_number, dob, address_street, address_city, address_state, address_zip, marital_status, education_level, employment_status, annual_income, credit_tier, drivers_license_no, customer_since) VALUES (68, 'Patricia', 'Davis', 'Female', 'patricia.davis68@example.com', '555-777-4241', '1993-02-20', '4434 Hill St', 'Houston', 'TX', '25043', 'Married', 'Associate', 'Self-Employed', 138348, 'Fair', 'DL-00000068', '2018-10-20');
INSERT INTO customers (customer_id, first_name, last_name, gender, email, phone_number, dob, address_street, address_city, address_state, address_zip, marital_status, education_level, employment_status, annual_income, credit_tier, drivers_license_no, customer_since) VALUES (69, 'Patricia', 'Rodriguez', 'Female', 'patricia.rodriguez69@example.com', '555-709-5728', '1994-05-26', '2818 High St', 'New York', 'NY', '26299', 'Widowed', 'Bachelors', 'Retired', 82757, 'Good', 'DL-00000069', '2023-08-12');
INSERT INTO customers (customer_id, first_name, last_name, gender, email, phone_number, dob, address_street, address_city, address_state, address_zip, marital_status, education_level, employment_status, annual_income, credit_tier, drivers_license_no, customer_since) VALUES (70, 'Patricia', 'Martinez', 'Female', 'patricia.martinez70@example.com', '555-182-1653', '1993-10-04', '8190 Washington St', 'Dallas', 'TX', '52247', 'Divorced', 'High School', 'Employed', 60005, 'Excellent', 'DL-00000070', '2018-03-26');
INSERT INTO customers (customer_id, first_name, last_name, gender, email, phone_number, dob, address_street, address_city, address_state, address_zip, marital_status, education_level, employment_status, annual_income, credit_tier, drivers_license_no, customer_since) VALUES (71, 'Jennifer', 'Smith', 'Female', 'jennifer.smith71@example.com', '555-881-3870', '1997-03-18', '9541 Maple St', 'Phoenix', 'AZ', '78021', 'Widowed', 'Bachelors', 'Employed', 106720, 'Very Good', 'DL-00000071', '2023-07-08');
INSERT INTO customers (customer_id, first_name, last_name, gender, email, phone_number, dob, address_street, address_city, address_state, address_zip, marital_status, education_level, employment_status, annual_income, credit_tier, drivers_license_no, customer_since) VALUES (72, 'Jennifer', 'Johnson', 'Female', 'jennifer.johnson72@example.com', '555-518-6460', '1983-10-21', '7800 Park St', 'Los Angeles', 'CA', '97835', 'Single', 'Associate', 'Self-Employed', 83955, 'Very Good', 'DL-00000072', '2021-03-26');
INSERT INTO customers (customer_id, first_name, last_name, gender, email, phone_number, dob, address_street, address_city, address_state, address_zip, marital_status, education_level, employment_status, annual_income, credit_tier, drivers_license_no, customer_since) VALUES (73, 'Jennifer', 'Williams', 'Female', 'jennifer.williams73@example.com', '555-565-2442', '1983-03-21', '9112 Maple St', 'San Antonio', 'TX', '43082', 'Divorced', 'High School', 'Self-Employed', 143365, 'Excellent', 'DL-00000073', '2018-01-05');
INSERT INTO customers (customer_id, first_name, last_name, gender, email, phone_number, dob, address_street, address_city, address_state, address_zip, marital_status, education_level, employment_status, annual_income, credit_tier, drivers_license_no, customer_since) VALUES (74, 'Jennifer', 'Brown', 'Female', 'jennifer.brown74@example.com', '555-155-4073', '1987-06-16', '7669 Elm St', 'Dallas', 'TX', '91609', 'Widowed', 'Masters', 'Employed', 56680, 'Good', 'DL-00000074', '2019-06-21');
INSERT INTO customers (customer_id, first_name, last_name, gender, email, phone_number, dob, address_street, address_city, address_state, address_zip, marital_status, education_level, employment_status, annual_income, credit_tier, drivers_license_no, customer_since) VALUES (75, 'Jennifer', 'Jones', 'Female', 'jennifer.jones75@example.com', '555-224-1472', '1976-06-20', '7278 Washington St', 'Phoenix', 'AZ', '30758', 'Divorced', 'PhD', 'Employed', 102384, 'Very Good', 'DL-00000075', '2019-01-17');
INSERT INTO customers (customer_id, first_name, last_name, gender, email, phone_number, dob, address_street, address_city, address_state, address_zip, marital_status, education_level, employment_status, annual_income, credit_tier, drivers_license_no, customer_since) VALUES (76, 'Jennifer', 'Garcia', 'Female', 'jennifer.garcia76@example.com', '555-220-3522', '1999-09-17', '1958 Washington St', 'Houston', 'TX', '48254', 'Divorced', 'Masters', 'Self-Employed', 91894, 'Fair', 'DL-00000076', '2023-02-14');
INSERT INTO customers (customer_id, first_name, last_name, gender, email, phone_number, dob, address_street, address_city, address_state, address_zip, marital_status, education_level, employment_status, annual_income, credit_tier, drivers_license_no, customer_since) VALUES (77, 'Jennifer', 'Miller', 'Female', 'jennifer.miller77@example.com', '555-295-9327', '1967-04-01', '2469 Elm St', 'Dallas', 'TX', '19150', 'Divorced', 'Masters', 'Self-Employed', 133247, 'Excellent', 'DL-00000077', '2020-12-30');
INSERT INTO customers (customer_id, first_name, last_name, gender, email, phone_number, dob, address_street, address_city, address_state, address_zip, marital_status, education_level, employment_status, annual_income, credit_tier, drivers_license_no, customer_since) VALUES (78, 'Jennifer', 'Davis', 'Female', 'jennifer.davis78@example.com', '555-957-9022', '1968-05-01', '4734 High St', 'New York', 'NY', '68529', 'Widowed', 'Bachelors', 'Self-Employed', 102340, 'Excellent', 'DL-00000078', '2022-03-26');
INSERT INTO customers (customer_id, first_name, last_name, gender, email, phone_number, dob, address_street, address_city, address_state, address_zip, marital_status, education_level, employment_status, annual_income, credit_tier, drivers_license_no, customer_since) VALUES (79, 'Jennifer', 'Rodriguez', 'Female', 'jennifer.rodriguez79@example.com', '555-814-4912', '1989-05-11', '5372 Main St', 'San Diego', 'CA', '40613', 'Widowed', 'High School', 'Self-Employed', 127609, 'Very Good', 'DL-00000079', '2022-04-11');
INSERT INTO customers (customer_id, first_name, last_name, gender, email, phone_number, dob, address_street, address_city, address_state, address_zip, marital_status, education_level, employment_status, annual_income, credit_tier, drivers_license_no, customer_since) VALUES (80, 'Jennifer', 'Martinez', 'Female', 'jennifer.martinez80@example.com', '555-137-3068', '2000-01-24', '2592 Washington St', 'San Antonio', 'TX', '87356', 'Divorced', 'High School', 'Self-Employed', 43069, 'Excellent', 'DL-00000080', '2023-02-15');
INSERT INTO customers (customer_id, first_name, last_name, gender, email, phone_number, dob, address_street, address_city, address_state, address_zip, marital_status, education_level, employment_status, annual_income, credit_tier, drivers_license_no, customer_since) VALUES (81, 'Linda', 'Smith', 'Female', 'linda.smith81@example.com', '555-991-3529', '1961-09-17', '2461 Elm St', 'New York', 'NY', '71537', 'Divorced', 'Bachelors', 'Retired', 120794, 'Very Good', 'DL-00000081', '2018-11-25');
INSERT INTO customers (customer_id, first_name, last_name, gender, email, phone_number, dob, address_street, address_city, address_state, address_zip, marital_status, education_level, employment_status, annual_income, credit_tier, drivers_license_no, customer_since) VALUES (82, 'Linda', 'Johnson', 'Female', 'linda.johnson82@example.com', '555-424-8994', '1958-03-22', '8842 Elm St', 'Philadelphia', 'PA', '90931', 'Single', 'Associate', 'Retired', 119705, 'Good', 'DL-00000082', '2020-07-20');
INSERT INTO customers (customer_id, first_name, last_name, gender, email, phone_number, dob, address_street, address_city, address_state, address_zip, marital_status, education_level, employment_status, annual_income, credit_tier, drivers_license_no, customer_since) VALUES (83, 'Linda', 'Williams', 'Female', 'linda.williams83@example.com', '555-878-2646', '1994-10-21', '7210 Oak St', 'Los Angeles', 'CA', '31805', 'Divorced', 'High School', 'Employed', 72516, 'Poor', 'DL-00000083', '2021-04-16');
INSERT INTO customers (customer_id, first_name, last_name, gender, email, phone_number, dob, address_street, address_city, address_state, address_zip, marital_status, education_level, employment_status, annual_income, credit_tier, drivers_license_no, customer_since) VALUES (84, 'Linda', 'Brown', 'Female', 'linda.brown84@example.com', '555-249-5000', '1991-12-20', '6241 Elm St', 'Philadelphia', 'PA', '84177', 'Married', 'Associate', 'Employed', 40350, 'Excellent', 'DL-00000084', '2022-04-16');
INSERT INTO customers (customer_id, first_name, last_name, gender, email, phone_number, dob, address_street, address_city, address_state, address_zip, marital_status, education_level, employment_status, annual_income, credit_tier, drivers_license_no, customer_since) VALUES (85, 'Linda', 'Jones', 'Female', 'linda.jones85@example.com', '555-697-3344', '1975-10-31', '4045 Washington St', 'San Jose', 'CA', '70443', 'Divorced', 'Masters', 'Self-Employed', 117404, 'Poor', 'DL-00000085', '2023-03-21');
INSERT INTO customers (customer_id, first_name, last_name, gender, email, phone_number, dob, address_street, address_city, address_state, address_zip, marital_status, education_level, employment_status, annual_income, credit_tier, drivers_license_no, customer_since) VALUES (86, 'Linda', 'Garcia', 'Female', 'linda.garcia86@example.com', '555-175-8237', '1986-01-01', '9055 Cedar St', 'Phoenix', 'AZ', '87014', 'Divorced', 'Masters', 'Retired', 62780, 'Very Good', 'DL-00000086', '2021-05-22');
INSERT INTO customers (customer_id, first_name, last_name, gender, email, phone_number, dob, address_street, address_city, address_state, address_zip, marital_status, education_level, employment_status, annual_income, credit_tier, drivers_license_no, customer_since) VALUES (87, 'Linda', 'Miller', 'Female', 'linda.miller87@example.com', '555-209-4886', '1989-03-19', '6402 Washington St', 'Houston', 'TX', '84963', 'Divorced', 'PhD', 'Self-Employed', 121655, 'Good', 'DL-00000087', '2018-03-31');
INSERT INTO customers (customer_id, first_name, last_name, gender, email, phone_number, dob, address_street, address_city, address_state, address_zip, marital_status, education_level, employment_status, annual_income, credit_tier, drivers_license_no, customer_since) VALUES (88, 'Linda', 'Davis', 'Female', 'linda.davis88@example.com', '555-679-1803', '1999-07-25', '4597 Maple St', 'San Antonio', 'TX', '47512', 'Married', 'PhD', 'Self-Employed', 58705, 'Fair', 'DL-00000088', '2020-10-23');
INSERT INTO customers (customer_id, first_name, last_name, gender, email, phone_number, dob, address_street, address_city, address_state, address_zip, marital_status, education_level, employment_status, annual_income, credit_tier, drivers_license_no, customer_since) VALUES (89, 'Linda', 'Rodriguez', 'Female', 'linda.rodriguez89@example.com', '555-416-8222', '1957-12-29', '1691 Maple St', 'Chicago', 'IL', '85965', 'Divorced', 'Associate', 'Employed', 149226, 'Good', 'DL-00000089', '2021-08-31');
INSERT INTO customers (customer_id, first_name, last_name, gender, email, phone_number, dob, address_street, address_city, address_state, address_zip, marital_status, education_level, employment_status, annual_income, credit_tier, drivers_license_no, customer_since) VALUES (90, 'Linda', 'Martinez', 'Female', 'linda.martinez90@example.com', '555-235-9837', '1987-10-28', '2977 Main St', 'San Antonio', 'TX', '79579', 'Divorced', 'Associate', 'Self-Employed', 149806, 'Very Good', 'DL-00000090', '2021-04-23');
INSERT INTO customers (customer_id, first_name, last_name, gender, email, phone_number, dob, address_street, address_city, address_state, address_zip, marital_status, education_level, employment_status, annual_income, credit_tier, drivers_license_no, customer_since) VALUES (91, 'Elizabeth', 'Smith', 'Female', 'elizabeth.smith91@example.com', '555-177-3306', '1975-03-29', '1986 Washington St', 'Philadelphia', 'PA', '98647', 'Widowed', 'PhD', 'Self-Employed', 41836, 'Very Good', 'DL-00000091', '2018-02-27');
INSERT INTO customers (customer_id, first_name, last_name, gender, email, phone_number, dob, address_street, address_city, address_state, address_zip, marital_status, education_level, employment_status, annual_income, credit_tier, drivers_license_no, customer_since) VALUES (92, 'Elizabeth', 'Johnson', 'Female', 'elizabeth.johnson92@example.com', '555-565-7038', '1978-07-09', '8891 Oak St', 'Phoenix', 'AZ', '86619', 'Widowed', 'Bachelors', 'Employed', 118452, 'Fair', 'DL-00000092', '2023-04-16');
INSERT INTO customers (customer_id, first_name, last_name, gender, email, phone_number, dob, address_street, address_city, address_state, address_zip, marital_status, education_level, employment_status, annual_income, credit_tier, drivers_license_no, customer_since) VALUES (93, 'Elizabeth', 'Williams', 'Female', 'elizabeth.williams93@example.com', '555-724-4626', '1960-09-02', '9298 Park St', 'New York', 'NY', '93283', 'Widowed', 'Bachelors', 'Retired', 83516, 'Poor', 'DL-00000093', '2019-07-27');
INSERT INTO customers (customer_id, first_name, last_name, gender, email, phone_number, dob, address_street, address_city, address_state, address_zip, marital_status, education_level, employment_status, annual_income, credit_tier, drivers_license_no, customer_since) VALUES (94, 'Elizabeth', 'Brown', 'Female', 'elizabeth.brown94@example.com', '555-604-2902', '1963-09-20', '709 High St', 'New York', 'NY', '40775', 'Married', 'Masters', 'Self-Employed', 78629, 'Excellent', 'DL-00000094', '2022-09-13');
INSERT INTO customers (customer_id, first_name, last_name, gender, email, phone_number, dob, address_street, address_city, address_state, address_zip, marital_status, education_level, employment_status, annual_income, credit_tier, drivers_license_no, customer_since) VALUES (95, 'Elizabeth', 'Jones', 'Female', 'elizabeth.jones95@example.com', '555-770-2622', '1998-11-25', '2631 Elm St', 'San Jose', 'CA', '90694', 'Widowed', 'Bachelors', 'Employed', 120476, 'Good', 'DL-00000095', '2020-06-08');
INSERT INTO customers (customer_id, first_name, last_name, gender, email, phone_number, dob, address_street, address_city, address_state, address_zip, marital_status, education_level, employment_status, annual_income, credit_tier, drivers_license_no, customer_since) VALUES (96, 'Elizabeth', 'Garcia', 'Female', 'elizabeth.garcia96@example.com', '555-975-6942', '1963-11-30', '7385 Main St', 'San Diego', 'CA', '99873', 'Divorced', 'PhD', 'Retired', 77012, 'Poor', 'DL-00000096', '2022-06-19');
INSERT INTO customers (customer_id, first_name, last_name, gender, email, phone_number, dob, address_street, address_city, address_state, address_zip, marital_status, education_level, employment_status, annual_income, credit_tier, drivers_license_no, customer_since) VALUES (97, 'Elizabeth', 'Miller', 'Female', 'elizabeth.miller97@example.com', '555-968-8450', '1963-03-23', '3209 Oak St', 'Phoenix', 'AZ', '96870', 'Married', 'PhD', 'Employed', 36629, 'Good', 'DL-00000097', '2020-09-24');
INSERT INTO customers (customer_id, first_name, last_name, gender, email, phone_number, dob, address_street, address_city, address_state, address_zip, marital_status, education_level, employment_status, annual_income, credit_tier, drivers_license_no, customer_since) VALUES (98, 'Elizabeth', 'Davis', 'Female', 'elizabeth.davis98@example.com', '555-170-4394', '1974-05-17', '9350 Main St', 'Chicago', 'IL', '40539', 'Divorced', 'Associate', 'Retired', 30371, 'Good', 'DL-00000098', '2019-08-16');
INSERT INTO customers (customer_id, first_name, last_name, gender, email, phone_number, dob, address_street, address_city, address_state, address_zip, marital_status, education_level, employment_status, annual_income, credit_tier, drivers_license_no, customer_since) VALUES (99, 'Elizabeth', 'Rodriguez', 'Female', 'elizabeth.rodriguez99@example.com', '555-917-3858', '1964-11-11', '8950 High St', 'Chicago', 'IL', '96646', 'Single', 'Associate', 'Employed', 76955, 'Fair', 'DL-00000099', '2021-08-19');
INSERT INTO customers (customer_id, first_name, last_name, gender, email, phone_number, dob, address_street, address_city, address_state, address_zip, marital_status, education_level, employment_status, annual_income, credit_tier, drivers_license_no, customer_since) VALUES (100, 'Elizabeth', 'Martinez', 'Female', 'elizabeth.martinez100@example.com', '555-153-3076', '1992-10-07', '2954 High St', 'New York', 'NY', '78955', 'Single', 'High School', 'Self-Employed', 88756, 'Good', 'DL-00000100', '2023-10-04');

-- 2. POLICIES
INSERT INTO policies (policy_id, customer_id, policy_number, policy_type, start_date, end_date, premium_amount, is_active) VALUES (1, 1, 'POL-1-A', 'USAGE_BASED_PAY_PER_MILE', '2022-08-15', '2025-09-21', 1372.5, TRUE);
INSERT INTO policies (policy_id, customer_id, policy_number, policy_type, start_date, end_date, premium_amount, is_active) VALUES (2, 2, 'POL-2-A', 'LUXURY_PERFORMANCE_ELITE', '2023-04-15', '2025-10-20', 708.0, TRUE);
INSERT INTO policies (policy_id, customer_id, policy_number, policy_type, start_date, end_date, premium_amount, is_active) VALUES (3, 2, 'POL-2-B', 'PERSONAL_LIABILITY_BASIC', '2023-05-06', '2025-02-15', 462.0, TRUE);
INSERT INTO policies (policy_id, customer_id, policy_number, policy_type, start_date, end_date, premium_amount, is_active) VALUES (4, 3, 'POL-3-A', 'PERSONAL_COMPREHENSIVE', '2023-12-31', '2025-03-30', 902.0, TRUE);
INSERT INTO policies (policy_id, customer_id, policy_number, policy_type, start_date, end_date, premium_amount, is_active) VALUES (5, 4, 'POL-4-A', 'PERSONAL_COMPREHENSIVE', '2023-09-15', '2024-05-31', 583.2, TRUE);
INSERT INTO policies (policy_id, customer_id, policy_number, policy_type, start_date, end_date, premium_amount, is_active) VALUES (6, 4, 'POL-4-B', 'PERSONAL_COMPREHENSIVE', '2022-10-09', '2025-10-01', 423.2, TRUE);
INSERT INTO policies (policy_id, customer_id, policy_number, policy_type, start_date, end_date, premium_amount, is_active) VALUES (7, 5, 'POL-5-A', 'LUXURY_PERFORMANCE_ELITE', '2022-11-29', '2025-01-25', 1129.0, TRUE);
INSERT INTO policies (policy_id, customer_id, policy_number, policy_type, start_date, end_date, premium_amount, is_active) VALUES (8, 6, 'POL-6-A', 'LUXURY_PERFORMANCE_ELITE', '2023-04-10', '2025-06-01', 701.0, TRUE);
INSERT INTO policies (policy_id, customer_id, policy_number, policy_type, start_date, end_date, premium_amount, is_active) VALUES (9, 7, 'POL-7-A', 'PERSONAL_COMPREHENSIVE', '2022-04-28', '2025-11-01', 1677.0, TRUE);
INSERT INTO policies (policy_id, customer_id, policy_number, policy_type, start_date, end_date, premium_amount, is_active) VALUES (10, 8, 'POL-8-A', 'LUXURY_PERFORMANCE_ELITE', '2022-08-09', '2025-03-16', 1138.0, TRUE);
INSERT INTO policies (policy_id, customer_id, policy_number, policy_type, start_date, end_date, premium_amount, is_active) VALUES (11, 9, 'POL-9-A', 'COMMERCIAL_FLEET_SMALL', '2022-12-14', '2025-04-09', 1234.5, TRUE);
INSERT INTO policies (policy_id, customer_id, policy_number, policy_type, start_date, end_date, premium_amount, is_active) VALUES (12, 10, 'POL-10-A', 'PERSONAL_COMPREHENSIVE', '2023-03-14', '2024-11-16', 1080.0, TRUE);
INSERT INTO policies (policy_id, customer_id, policy_number, policy_type, start_date, end_date, premium_amount, is_active) VALUES (13, 10, 'POL-10-B', 'RIDESHARE_DRIVER_PRO', '2022-06-06', '2025-12-04', 1174.5, TRUE);
INSERT INTO policies (policy_id, customer_id, policy_number, policy_type, start_date, end_date, premium_amount, is_active) VALUES (14, 11, 'POL-11-A', 'PERSONAL_COMPREHENSIVE', '2022-03-29', '2024-04-05', 493.0, TRUE);
INSERT INTO policies (policy_id, customer_id, policy_number, policy_type, start_date, end_date, premium_amount, is_active) VALUES (15, 12, 'POL-12-A', 'CLASSIC_COLLECTOR_AGREED', '2023-07-24', '2024-03-02', 533.0, TRUE);
INSERT INTO policies (policy_id, customer_id, policy_number, policy_type, start_date, end_date, premium_amount, is_active) VALUES (16, 13, 'POL-13-A', 'LUXURY_PERFORMANCE_ELITE', '2022-12-04', '2025-11-17', 780.0, TRUE);
INSERT INTO policies (policy_id, customer_id, policy_number, policy_type, start_date, end_date, premium_amount, is_active) VALUES (17, 14, 'POL-14-A', 'CLASSIC_COLLECTOR_AGREED', '2023-03-10', '2024-02-22', 864.8, TRUE);
INSERT INTO policies (policy_id, customer_id, policy_number, policy_type, start_date, end_date, premium_amount, is_active) VALUES (18, 14, 'POL-14-B', 'RIDESHARE_DRIVER_PRO', '2022-11-16', '2024-12-26', 811.2, TRUE);
INSERT INTO policies (policy_id, customer_id, policy_number, policy_type, start_date, end_date, premium_amount, is_active) VALUES (19, 15, 'POL-15-A', 'LUXURY_PERFORMANCE_ELITE', '2022-06-08', '2025-11-03', 925.5, TRUE);
INSERT INTO policies (policy_id, customer_id, policy_number, policy_type, start_date, end_date, premium_amount, is_active) VALUES (20, 15, 'POL-15-B', 'USAGE_BASED_PAY_PER_MILE', '2022-04-21', '2024-12-24', 943.5, TRUE);
INSERT INTO policies (policy_id, customer_id, policy_number, policy_type, start_date, end_date, premium_amount, is_active) VALUES (21, 16, 'POL-16-A', 'CLASSIC_COLLECTOR_AGREED', '2022-10-13', '2025-08-10', 775.5, TRUE);
INSERT INTO policies (policy_id, customer_id, policy_number, policy_type, start_date, end_date, premium_amount, is_active) VALUES (22, 17, 'POL-17-A', 'TEEN_DRIVER_TRACKING', '2023-09-29', '2025-09-20', 974.0, TRUE);
INSERT INTO policies (policy_id, customer_id, policy_number, policy_type, start_date, end_date, premium_amount, is_active) VALUES (23, 17, 'POL-17-B', 'LUXURY_PERFORMANCE_ELITE', '2023-09-16', '2025-11-04', 426.0, TRUE);
INSERT INTO policies (policy_id, customer_id, policy_number, policy_type, start_date, end_date, premium_amount, is_active) VALUES (24, 18, 'POL-18-A', 'RIDESHARE_DRIVER_PRO', '2022-07-04', '2024-10-06', 643.5, TRUE);
INSERT INTO policies (policy_id, customer_id, policy_number, policy_type, start_date, end_date, premium_amount, is_active) VALUES (25, 19, 'POL-19-A', 'RIDESHARE_DRIVER_PRO', '2022-12-26', '2024-01-07', 747.0, TRUE);
INSERT INTO policies (policy_id, customer_id, policy_number, policy_type, start_date, end_date, premium_amount, is_active) VALUES (26, 20, 'POL-20-A', 'PERSONAL_COLLISION_PLUS', '2023-11-05', '2025-02-14', 979.0, TRUE);
INSERT INTO policies (policy_id, customer_id, policy_number, policy_type, start_date, end_date, premium_amount, is_active) VALUES (27, 20, 'POL-20-B', 'PERSONAL_COMPREHENSIVE', '2023-10-11', '2024-02-01', 545.0, TRUE);
INSERT INTO policies (policy_id, customer_id, policy_number, policy_type, start_date, end_date, premium_amount, is_active) VALUES (28, 21, 'POL-21-A', 'LUXURY_PERFORMANCE_ELITE', '2023-01-21', '2025-03-05', 620.0, TRUE);
INSERT INTO policies (policy_id, customer_id, policy_number, policy_type, start_date, end_date, premium_amount, is_active) VALUES (29, 21, 'POL-21-B', 'USAGE_BASED_PAY_PER_MILE', '2022-06-11', '2025-01-13', 749.0, TRUE);
INSERT INTO policies (policy_id, customer_id, policy_number, policy_type, start_date, end_date, premium_amount, is_active) VALUES (30, 22, 'POL-22-A', 'CLASSIC_COLLECTOR_AGREED', '2023-08-05', '2025-09-02', 956.0, TRUE);
INSERT INTO policies (policy_id, customer_id, policy_number, policy_type, start_date, end_date, premium_amount, is_active) VALUES (31, 22, 'POL-22-B', 'PERSONAL_COMPREHENSIVE', '2022-06-09', '2024-06-10', 362.4, TRUE);
INSERT INTO policies (policy_id, customer_id, policy_number, policy_type, start_date, end_date, premium_amount, is_active) VALUES (32, 23, 'POL-23-A', 'PERSONAL_LIABILITY_BASIC', '2022-03-25', '2024-10-05', 872.0, TRUE);
INSERT INTO policies (policy_id, customer_id, policy_number, policy_type, start_date, end_date, premium_amount, is_active) VALUES (33, 24, 'POL-24-A', 'TEEN_DRIVER_TRACKING', '2023-09-14', '2025-03-28', 897.0, TRUE);
INSERT INTO policies (policy_id, customer_id, policy_number, policy_type, start_date, end_date, premium_amount, is_active) VALUES (34, 25, 'POL-25-A', 'COMMERCIAL_FLEET_SMALL', '2023-06-09', '2024-04-26', 938.4, TRUE);
INSERT INTO policies (policy_id, customer_id, policy_number, policy_type, start_date, end_date, premium_amount, is_active) VALUES (35, 26, 'POL-26-A', 'PERSONAL_COMPREHENSIVE', '2023-11-26', '2025-11-25', 690.0, TRUE);
INSERT INTO policies (policy_id, customer_id, policy_number, policy_type, start_date, end_date, premium_amount, is_active) VALUES (36, 26, 'POL-26-B', 'SHORT_TERM_RENTAL_GAP', '2023-06-24', '2025-11-14', 898.0, TRUE);
INSERT INTO policies (policy_id, customer_id, policy_number, policy_type, start_date, end_date, premium_amount, is_active) VALUES (37, 27, 'POL-27-A', 'COMMERCIAL_FLEET_SMALL', '2023-09-06', '2024-02-26', 1206.0, TRUE);
INSERT INTO policies (policy_id, customer_id, policy_number, policy_type, start_date, end_date, premium_amount, is_active) VALUES (38, 27, 'POL-27-B', 'PERSONAL_LIABILITY_BASIC', '2022-11-05', '2024-08-04', 913.5, TRUE);
INSERT INTO policies (policy_id, customer_id, policy_number, policy_type, start_date, end_date, premium_amount, is_active) VALUES (39, 28, 'POL-28-A', 'RIDESHARE_DRIVER_PRO', '2022-12-02', '2024-05-02', 1044.0, TRUE);
INSERT INTO policies (policy_id, customer_id, policy_number, policy_type, start_date, end_date, premium_amount, is_active) VALUES (40, 29, 'POL-29-A', 'TEEN_DRIVER_TRACKING', '2022-05-13', '2025-01-24', 463.2, TRUE);
INSERT INTO policies (policy_id, customer_id, policy_number, policy_type, start_date, end_date, premium_amount, is_active) VALUES (41, 29, 'POL-29-B', 'LUXURY_PERFORMANCE_ELITE', '2022-08-24', '2025-05-27', 896.0, TRUE);
INSERT INTO policies (policy_id, customer_id, policy_number, policy_type, start_date, end_date, premium_amount, is_active) VALUES (42, 30, 'POL-30-A', 'CLASSIC_COLLECTOR_AGREED', '2023-02-11', '2024-02-13', 473.0, TRUE);
INSERT INTO policies (policy_id, customer_id, policy_number, policy_type, start_date, end_date, premium_amount, is_active) VALUES (43, 31, 'POL-31-A', 'USAGE_BASED_PAY_PER_MILE', '2022-11-17', '2025-08-12', 479.0, TRUE);
INSERT INTO policies (policy_id, customer_id, policy_number, policy_type, start_date, end_date, premium_amount, is_active) VALUES (44, 32, 'POL-32-A', 'TEEN_DRIVER_TRACKING', '2023-10-18', '2025-03-03', 1689.0, TRUE);
INSERT INTO policies (policy_id, customer_id, policy_number, policy_type, start_date, end_date, premium_amount, is_active) VALUES (45, 33, 'POL-33-A', 'TEEN_DRIVER_TRACKING', '2022-11-29', '2024-06-24', 421.0, TRUE);
INSERT INTO policies (policy_id, customer_id, policy_number, policy_type, start_date, end_date, premium_amount, is_active) VALUES (46, 33, 'POL-33-B', 'SHORT_TERM_RENTAL_GAP', '2023-12-08', '2025-01-05', 871.0, TRUE);
INSERT INTO policies (policy_id, customer_id, policy_number, policy_type, start_date, end_date, premium_amount, is_active) VALUES (47, 34, 'POL-34-A', 'PERSONAL_COMPREHENSIVE', '2023-03-23', '2025-08-26', 973.5, TRUE);
INSERT INTO policies (policy_id, customer_id, policy_number, policy_type, start_date, end_date, premium_amount, is_active) VALUES (48, 34, 'POL-34-B', 'TEEN_DRIVER_TRACKING', '2022-03-22', '2025-02-09', 1404.0, TRUE);
INSERT INTO policies (policy_id, customer_id, policy_number, policy_type, start_date, end_date, premium_amount, is_active) VALUES (49, 35, 'POL-35-A', 'CLASSIC_COLLECTOR_AGREED', '2022-12-08', '2024-06-21', 939.0, TRUE);
INSERT INTO policies (policy_id, customer_id, policy_number, policy_type, start_date, end_date, premium_amount, is_active) VALUES (50, 36, 'POL-36-A', 'PERSONAL_COMPREHENSIVE', '2023-06-07', '2024-07-17', 943.0, TRUE);
INSERT INTO policies (policy_id, customer_id, policy_number, policy_type, start_date, end_date, premium_amount, is_active) VALUES (51, 36, 'POL-36-B', 'CLASSIC_COLLECTOR_AGREED', '2023-10-23', '2024-05-31', 759.0, TRUE);
INSERT INTO policies (policy_id, customer_id, policy_number, policy_type, start_date, end_date, premium_amount, is_active) VALUES (52, 37, 'POL-37-A', 'PERSONAL_COLLISION_PLUS', '2022-07-22', '2024-06-26', 662.0, TRUE);
INSERT INTO policies (policy_id, customer_id, policy_number, policy_type, start_date, end_date, premium_amount, is_active) VALUES (53, 37, 'POL-37-B', 'SHORT_TERM_RENTAL_GAP', '2023-11-03', '2024-03-18', 556.0, TRUE);
INSERT INTO policies (policy_id, customer_id, policy_number, policy_type, start_date, end_date, premium_amount, is_active) VALUES (54, 38, 'POL-38-A', 'USAGE_BASED_PAY_PER_MILE', '2023-08-01', '2025-08-16', 700.0, TRUE);
INSERT INTO policies (policy_id, customer_id, policy_number, policy_type, start_date, end_date, premium_amount, is_active) VALUES (55, 38, 'POL-38-B', 'USAGE_BASED_PAY_PER_MILE', '2023-08-02', '2025-10-20', 877.6, TRUE);
INSERT INTO policies (policy_id, customer_id, policy_number, policy_type, start_date, end_date, premium_amount, is_active) VALUES (56, 39, 'POL-39-A', 'SHORT_TERM_RENTAL_GAP', '2023-10-05', '2024-11-19', 584.0, TRUE);
INSERT INTO policies (policy_id, customer_id, policy_number, policy_type, start_date, end_date, premium_amount, is_active) VALUES (57, 40, 'POL-40-A', 'PERSONAL_COMPREHENSIVE', '2023-03-29', '2025-10-08', 1320.0, TRUE);
INSERT INTO policies (policy_id, customer_id, policy_number, policy_type, start_date, end_date, premium_amount, is_active) VALUES (58, 40, 'POL-40-B', 'RIDESHARE_DRIVER_PRO', '2023-08-29', '2024-02-27', 1021.5, TRUE);
INSERT INTO policies (policy_id, customer_id, policy_number, policy_type, start_date, end_date, premium_amount, is_active) VALUES (59, 41, 'POL-41-A', 'PERSONAL_COMPREHENSIVE', '2023-04-18', '2025-04-07', 1075.5, TRUE);
INSERT INTO policies (policy_id, customer_id, policy_number, policy_type, start_date, end_date, premium_amount, is_active) VALUES (60, 41, 'POL-41-B', 'PERSONAL_LIABILITY_BASIC', '2023-01-13', '2024-10-20', 687.0, TRUE);
INSERT INTO policies (policy_id, customer_id, policy_number, policy_type, start_date, end_date, premium_amount, is_active) VALUES (61, 42, 'POL-42-A', 'PERSONAL_COMPREHENSIVE', '2023-09-01', '2025-06-03', 1029.0, TRUE);
INSERT INTO policies (policy_id, customer_id, policy_number, policy_type, start_date, end_date, premium_amount, is_active) VALUES (62, 42, 'POL-42-B', 'TEEN_DRIVER_TRACKING', '2023-08-18', '2025-07-21', 873.0, TRUE);
INSERT INTO policies (policy_id, customer_id, policy_number, policy_type, start_date, end_date, premium_amount, is_active) VALUES (63, 43, 'POL-43-A', 'PERSONAL_LIABILITY_BASIC', '2023-08-09', '2025-10-29', 860.0, TRUE);
INSERT INTO policies (policy_id, customer_id, policy_number, policy_type, start_date, end_date, premium_amount, is_active) VALUES (64, 44, 'POL-44-A', 'SHORT_TERM_RENTAL_GAP', '2023-05-29', '2024-06-03', 887.0, TRUE);
INSERT INTO policies (policy_id, customer_id, policy_number, policy_type, start_date, end_date, premium_amount, is_active) VALUES (65, 44, 'POL-44-B', 'PERSONAL_LIABILITY_BASIC', '2022-04-16', '2024-12-17', 861.0, TRUE);
INSERT INTO policies (policy_id, customer_id, policy_number, policy_type, start_date, end_date, premium_amount, is_active) VALUES (66, 45, 'POL-45-A', 'PERSONAL_COMPREHENSIVE', '2023-10-24', '2024-06-25', 916.0, TRUE);
INSERT INTO policies (policy_id, customer_id, policy_number, policy_type, start_date, end_date, premium_amount, is_active) VALUES (67, 46, 'POL-46-A', 'USAGE_BASED_PAY_PER_MILE', '2023-06-21', '2025-06-19', 679.2, TRUE);
INSERT INTO policies (policy_id, customer_id, policy_number, policy_type, start_date, end_date, premium_amount, is_active) VALUES (68, 46, 'POL-46-B', 'SHORT_TERM_RENTAL_GAP', '2023-01-08', '2025-01-16', 449.6, TRUE);
INSERT INTO policies (policy_id, customer_id, policy_number, policy_type, start_date, end_date, premium_amount, is_active) VALUES (69, 47, 'POL-47-A', 'TEEN_DRIVER_TRACKING', '2022-12-13', '2025-11-26', 654.4, TRUE);
INSERT INTO policies (policy_id, customer_id, policy_number, policy_type, start_date, end_date, premium_amount, is_active) VALUES (70, 48, 'POL-48-A', 'CLASSIC_COLLECTOR_AGREED', '2022-12-04', '2024-04-06', 467.0, TRUE);
INSERT INTO policies (policy_id, customer_id, policy_number, policy_type, start_date, end_date, premium_amount, is_active) VALUES (71, 49, 'POL-49-A', 'TEEN_DRIVER_TRACKING', '2022-09-16', '2025-11-03', 1035.0, TRUE);
INSERT INTO policies (policy_id, customer_id, policy_number, policy_type, start_date, end_date, premium_amount, is_active) VALUES (72, 50, 'POL-50-A', 'SHORT_TERM_RENTAL_GAP', '2022-12-08', '2024-03-24', 829.5, TRUE);
INSERT INTO policies (policy_id, customer_id, policy_number, policy_type, start_date, end_date, premium_amount, is_active) VALUES (73, 51, 'POL-51-A', 'PERSONAL_COLLISION_PLUS', '2022-11-14', '2025-11-02', 1137.0, TRUE);
INSERT INTO policies (policy_id, customer_id, policy_number, policy_type, start_date, end_date, premium_amount, is_active) VALUES (74, 52, 'POL-52-A', 'TEEN_DRIVER_TRACKING', '2023-09-02', '2025-12-26', 425.6, TRUE);
INSERT INTO policies (policy_id, customer_id, policy_number, policy_type, start_date, end_date, premium_amount, is_active) VALUES (75, 53, 'POL-53-A', 'RIDESHARE_DRIVER_PRO', '2023-01-21', '2025-10-20', 1458.0, TRUE);
INSERT INTO policies (policy_id, customer_id, policy_number, policy_type, start_date, end_date, premium_amount, is_active) VALUES (76, 54, 'POL-54-A', 'PERSONAL_COLLISION_PLUS', '2023-12-21', '2025-12-02', 1086.0, TRUE);
INSERT INTO policies (policy_id, customer_id, policy_number, policy_type, start_date, end_date, premium_amount, is_active) VALUES (77, 55, 'POL-55-A', 'PERSONAL_COMPREHENSIVE', '2023-11-18', '2025-03-09', 1061.0, TRUE);
INSERT INTO policies (policy_id, customer_id, policy_number, policy_type, start_date, end_date, premium_amount, is_active) VALUES (78, 56, 'POL-56-A', 'PERSONAL_LIABILITY_BASIC', '2022-11-13', '2024-07-03', 771.0, TRUE);
INSERT INTO policies (policy_id, customer_id, policy_number, policy_type, start_date, end_date, premium_amount, is_active) VALUES (79, 57, 'POL-57-A', 'CLASSIC_COLLECTOR_AGREED', '2023-05-13', '2024-07-15', 1184.0, TRUE);
INSERT INTO policies (policy_id, customer_id, policy_number, policy_type, start_date, end_date, premium_amount, is_active) VALUES (80, 58, 'POL-58-A', 'PERSONAL_COLLISION_PLUS', '2022-03-21', '2024-10-29', 558.0, TRUE);
INSERT INTO policies (policy_id, customer_id, policy_number, policy_type, start_date, end_date, premium_amount, is_active) VALUES (81, 58, 'POL-58-B', 'PERSONAL_COMPREHENSIVE', '2023-07-07', '2025-06-23', 919.0, TRUE);
INSERT INTO policies (policy_id, customer_id, policy_number, policy_type, start_date, end_date, premium_amount, is_active) VALUES (82, 59, 'POL-59-A', 'CLASSIC_COLLECTOR_AGREED', '2023-09-25', '2024-05-14', 947.2, TRUE);
INSERT INTO policies (policy_id, customer_id, policy_number, policy_type, start_date, end_date, premium_amount, is_active) VALUES (83, 59, 'POL-59-B', 'SHORT_TERM_RENTAL_GAP', '2022-06-07', '2024-06-15', 628.0, TRUE);
INSERT INTO policies (policy_id, customer_id, policy_number, policy_type, start_date, end_date, premium_amount, is_active) VALUES (84, 60, 'POL-60-A', 'SHORT_TERM_RENTAL_GAP', '2023-03-25', '2024-02-14', 569.0, TRUE);
INSERT INTO policies (policy_id, customer_id, policy_number, policy_type, start_date, end_date, premium_amount, is_active) VALUES (85, 60, 'POL-60-B', 'TEEN_DRIVER_TRACKING', '2023-11-24', '2024-08-31', 773.0, TRUE);
INSERT INTO policies (policy_id, customer_id, policy_number, policy_type, start_date, end_date, premium_amount, is_active) VALUES (86, 61, 'POL-61-A', 'SHORT_TERM_RENTAL_GAP', '2023-04-05', '2024-08-27', 691.0, TRUE);
INSERT INTO policies (policy_id, customer_id, policy_number, policy_type, start_date, end_date, premium_amount, is_active) VALUES (87, 62, 'POL-62-A', 'RIDESHARE_DRIVER_PRO', '2022-07-18', '2025-01-11', 880.0, TRUE);
INSERT INTO policies (policy_id, customer_id, policy_number, policy_type, start_date, end_date, premium_amount, is_active) VALUES (88, 63, 'POL-63-A', 'SHORT_TERM_RENTAL_GAP', '2023-04-18', '2024-10-15', 851.0, TRUE);
INSERT INTO policies (policy_id, customer_id, policy_number, policy_type, start_date, end_date, premium_amount, is_active) VALUES (89, 64, 'POL-64-A', 'LUXURY_PERFORMANCE_ELITE', '2023-03-05', '2024-06-14', 752.0, TRUE);
INSERT INTO policies (policy_id, customer_id, policy_number, policy_type, start_date, end_date, premium_amount, is_active) VALUES (90, 65, 'POL-65-A', 'SHORT_TERM_RENTAL_GAP', '2022-09-14', '2024-02-23', 541.0, TRUE);
INSERT INTO policies (policy_id, customer_id, policy_number, policy_type, start_date, end_date, premium_amount, is_active) VALUES (91, 66, 'POL-66-A', 'CLASSIC_COLLECTOR_AGREED', '2022-04-16', '2025-12-29', 773.6, TRUE);
INSERT INTO policies (policy_id, customer_id, policy_number, policy_type, start_date, end_date, premium_amount, is_active) VALUES (92, 67, 'POL-67-A', 'PERSONAL_COMPREHENSIVE', '2022-03-27', '2024-06-13', 691.0, TRUE);
INSERT INTO policies (policy_id, customer_id, policy_number, policy_type, start_date, end_date, premium_amount, is_active) VALUES (93, 68, 'POL-68-A', 'LUXURY_PERFORMANCE_ELITE', '2023-03-24', '2024-04-03', 550.0, TRUE);
INSERT INTO policies (policy_id, customer_id, policy_number, policy_type, start_date, end_date, premium_amount, is_active) VALUES (94, 68, 'POL-68-B', 'COMMERCIAL_FLEET_SMALL', '2022-12-24', '2024-01-28', 861.0, TRUE);
INSERT INTO policies (policy_id, customer_id, policy_number, policy_type, start_date, end_date, premium_amount, is_active) VALUES (95, 69, 'POL-69-A', 'TEEN_DRIVER_TRACKING', '2023-01-18', '2024-08-29', 914.0, TRUE);
INSERT INTO policies (policy_id, customer_id, policy_number, policy_type, start_date, end_date, premium_amount, is_active) VALUES (96, 70, 'POL-70-A', 'PERSONAL_COMPREHENSIVE', '2022-08-18', '2024-01-29', 626.4, TRUE);
INSERT INTO policies (policy_id, customer_id, policy_number, policy_type, start_date, end_date, premium_amount, is_active) VALUES (97, 70, 'POL-70-B', 'CLASSIC_COLLECTOR_AGREED', '2023-10-28', '2024-12-09', 400.8, TRUE);
INSERT INTO policies (policy_id, customer_id, policy_number, policy_type, start_date, end_date, premium_amount, is_active) VALUES (98, 71, 'POL-71-A', 'PERSONAL_COLLISION_PLUS', '2022-10-21', '2025-04-28', 439.0, TRUE);
INSERT INTO policies (policy_id, customer_id, policy_number, policy_type, start_date, end_date, premium_amount, is_active) VALUES (99, 72, 'POL-72-A', 'PERSONAL_COLLISION_PLUS', '2023-12-24', '2025-04-25', 1177.0, TRUE);
INSERT INTO policies (policy_id, customer_id, policy_number, policy_type, start_date, end_date, premium_amount, is_active) VALUES (100, 73, 'POL-73-A', 'PERSONAL_LIABILITY_BASIC', '2022-01-20', '2024-09-19', 384.8, TRUE);
INSERT INTO policies (policy_id, customer_id, policy_number, policy_type, start_date, end_date, premium_amount, is_active) VALUES (101, 74, 'POL-74-A', 'PERSONAL_COLLISION_PLUS', '2023-09-16', '2025-06-24', 961.0, TRUE);
INSERT INTO policies (policy_id, customer_id, policy_number, policy_type, start_date, end_date, premium_amount, is_active) VALUES (102, 74, 'POL-74-B', 'TEEN_DRIVER_TRACKING', '2022-10-23', '2024-08-31', 513.0, TRUE);
INSERT INTO policies (policy_id, customer_id, policy_number, policy_type, start_date, end_date, premium_amount, is_active) VALUES (103, 75, 'POL-75-A', 'PERSONAL_LIABILITY_BASIC', '2023-03-06', '2025-10-16', 644.0, TRUE);
INSERT INTO policies (policy_id, customer_id, policy_number, policy_type, start_date, end_date, premium_amount, is_active) VALUES (104, 75, 'POL-75-B', 'SHORT_TERM_RENTAL_GAP', '2022-03-06', '2024-04-23', 868.0, TRUE);
INSERT INTO policies (policy_id, customer_id, policy_number, policy_type, start_date, end_date, premium_amount, is_active) VALUES (105, 76, 'POL-76-A', 'USAGE_BASED_PAY_PER_MILE', '2023-07-03', '2024-01-17', 1011.0, TRUE);
INSERT INTO policies (policy_id, customer_id, policy_number, policy_type, start_date, end_date, premium_amount, is_active) VALUES (106, 77, 'POL-77-A', 'SHORT_TERM_RENTAL_GAP', '2022-05-28', '2024-10-25', 517.6, TRUE);
INSERT INTO policies (policy_id, customer_id, policy_number, policy_type, start_date, end_date, premium_amount, is_active) VALUES (107, 78, 'POL-78-A', 'SHORT_TERM_RENTAL_GAP', '2022-09-04', '2025-08-07', 608.8, TRUE);
INSERT INTO policies (policy_id, customer_id, policy_number, policy_type, start_date, end_date, premium_amount, is_active) VALUES (108, 79, 'POL-79-A', 'PERSONAL_COMPREHENSIVE', '2023-01-05', '2024-03-10', 936.0, TRUE);
INSERT INTO policies (policy_id, customer_id, policy_number, policy_type, start_date, end_date, premium_amount, is_active) VALUES (109, 80, 'POL-80-A', 'LUXURY_PERFORMANCE_ELITE', '2023-06-04', '2025-07-21', 735.2, TRUE);
INSERT INTO policies (policy_id, customer_id, policy_number, policy_type, start_date, end_date, premium_amount, is_active) VALUES (110, 81, 'POL-81-A', 'USAGE_BASED_PAY_PER_MILE', '2023-10-13', '2025-01-31', 444.0, TRUE);
INSERT INTO policies (policy_id, customer_id, policy_number, policy_type, start_date, end_date, premium_amount, is_active) VALUES (111, 81, 'POL-81-B', 'CLASSIC_COLLECTOR_AGREED', '2022-01-17', '2024-12-31', 659.0, TRUE);
INSERT INTO policies (policy_id, customer_id, policy_number, policy_type, start_date, end_date, premium_amount, is_active) VALUES (112, 82, 'POL-82-A', 'CLASSIC_COLLECTOR_AGREED', '2023-11-04', '2025-10-05', 646.0, TRUE);
INSERT INTO policies (policy_id, customer_id, policy_number, policy_type, start_date, end_date, premium_amount, is_active) VALUES (113, 83, 'POL-83-A', 'SHORT_TERM_RENTAL_GAP', '2022-12-07', '2024-05-16', 1728.0, TRUE);
INSERT INTO policies (policy_id, customer_id, policy_number, policy_type, start_date, end_date, premium_amount, is_active) VALUES (114, 83, 'POL-83-B', 'PERSONAL_LIABILITY_BASIC', '2023-07-14', '2024-12-12', 1140.0, TRUE);
INSERT INTO policies (policy_id, customer_id, policy_number, policy_type, start_date, end_date, premium_amount, is_active) VALUES (115, 84, 'POL-84-A', 'PERSONAL_COLLISION_PLUS', '2023-12-03', '2025-04-20', 957.6, TRUE);
INSERT INTO policies (policy_id, customer_id, policy_number, policy_type, start_date, end_date, premium_amount, is_active) VALUES (116, 85, 'POL-85-A', 'USAGE_BASED_PAY_PER_MILE', '2022-07-06', '2024-05-18', 1569.0, TRUE);
INSERT INTO policies (policy_id, customer_id, policy_number, policy_type, start_date, end_date, premium_amount, is_active) VALUES (117, 86, 'POL-86-A', 'USAGE_BASED_PAY_PER_MILE', '2022-10-28', '2024-07-25', 437.0, TRUE);
INSERT INTO policies (policy_id, customer_id, policy_number, policy_type, start_date, end_date, premium_amount, is_active) VALUES (118, 86, 'POL-86-B', 'PERSONAL_LIABILITY_BASIC', '2022-02-12', '2024-11-19', 604.0, TRUE);
INSERT INTO policies (policy_id, customer_id, policy_number, policy_type, start_date, end_date, premium_amount, is_active) VALUES (119, 87, 'POL-87-A', 'LUXURY_PERFORMANCE_ELITE', '2023-07-11', '2025-04-29', 807.0, TRUE);
INSERT INTO policies (policy_id, customer_id, policy_number, policy_type, start_date, end_date, premium_amount, is_active) VALUES (120, 88, 'POL-88-A', 'COMMERCIAL_FLEET_SMALL', '2023-01-01', '2024-02-18', 692.0, TRUE);
INSERT INTO policies (policy_id, customer_id, policy_number, policy_type, start_date, end_date, premium_amount, is_active) VALUES (121, 88, 'POL-88-B', 'CLASSIC_COLLECTOR_AGREED', '2022-05-08', '2025-01-11', 679.0, TRUE);
INSERT INTO policies (policy_id, customer_id, policy_number, policy_type, start_date, end_date, premium_amount, is_active) VALUES (122, 89, 'POL-89-A', 'TEEN_DRIVER_TRACKING', '2023-03-27', '2025-01-30', 1161.0, TRUE);
INSERT INTO policies (policy_id, customer_id, policy_number, policy_type, start_date, end_date, premium_amount, is_active) VALUES (123, 90, 'POL-90-A', 'PERSONAL_COLLISION_PLUS', '2023-12-10', '2025-05-24', 908.0, TRUE);
INSERT INTO policies (policy_id, customer_id, policy_number, policy_type, start_date, end_date, premium_amount, is_active) VALUES (124, 90, 'POL-90-B', 'CLASSIC_COLLECTOR_AGREED', '2022-10-01', '2024-03-25', 931.0, TRUE);
INSERT INTO policies (policy_id, customer_id, policy_number, policy_type, start_date, end_date, premium_amount, is_active) VALUES (125, 91, 'POL-91-A', 'PERSONAL_COMPREHENSIVE', '2023-09-09', '2024-07-03', 840.0, TRUE);
INSERT INTO policies (policy_id, customer_id, policy_number, policy_type, start_date, end_date, premium_amount, is_active) VALUES (126, 92, 'POL-92-A', 'CLASSIC_COLLECTOR_AGREED', '2022-03-23', '2024-12-01', 505.0, TRUE);
INSERT INTO policies (policy_id, customer_id, policy_number, policy_type, start_date, end_date, premium_amount, is_active) VALUES (127, 93, 'POL-93-A', 'RIDESHARE_DRIVER_PRO', '2023-09-10', '2025-03-12', 1284.0, TRUE);
INSERT INTO policies (policy_id, customer_id, policy_number, policy_type, start_date, end_date, premium_amount, is_active) VALUES (128, 94, 'POL-94-A', 'USAGE_BASED_PAY_PER_MILE', '2023-04-03', '2024-02-13', 607.2, TRUE);
INSERT INTO policies (policy_id, customer_id, policy_number, policy_type, start_date, end_date, premium_amount, is_active) VALUES (129, 94, 'POL-94-B', 'CLASSIC_COLLECTOR_AGREED', '2023-03-22', '2024-10-08', 823.2, TRUE);
INSERT INTO policies (policy_id, customer_id, policy_number, policy_type, start_date, end_date, premium_amount, is_active) VALUES (130, 95, 'POL-95-A', 'PERSONAL_LIABILITY_BASIC', '2023-11-19', '2025-10-14', 476.0, TRUE);
INSERT INTO policies (policy_id, customer_id, policy_number, policy_type, start_date, end_date, premium_amount, is_active) VALUES (131, 96, 'POL-96-A', 'LUXURY_PERFORMANCE_ELITE', '2023-11-27', '2024-06-12', 1750.5, TRUE);
INSERT INTO policies (policy_id, customer_id, policy_number, policy_type, start_date, end_date, premium_amount, is_active) VALUES (132, 97, 'POL-97-A', 'PERSONAL_COLLISION_PLUS', '2023-11-26', '2025-03-24', 1022.0, TRUE);
INSERT INTO policies (policy_id, customer_id, policy_number, policy_type, start_date, end_date, premium_amount, is_active) VALUES (133, 98, 'POL-98-A', 'PERSONAL_COMPREHENSIVE', '2023-10-23', '2025-01-10', 641.0, TRUE);
INSERT INTO policies (policy_id, customer_id, policy_number, policy_type, start_date, end_date, premium_amount, is_active) VALUES (134, 98, 'POL-98-B', 'CLASSIC_COLLECTOR_AGREED', '2023-08-04', '2024-02-03', 792.0, TRUE);
INSERT INTO policies (policy_id, customer_id, policy_number, policy_type, start_date, end_date, premium_amount, is_active) VALUES (135, 99, 'POL-99-A', 'USAGE_BASED_PAY_PER_MILE', '2023-01-16', '2025-03-30', 779.0, TRUE);
INSERT INTO policies (policy_id, customer_id, policy_number, policy_type, start_date, end_date, premium_amount, is_active) VALUES (136, 100, 'POL-100-A', 'SHORT_TERM_RENTAL_GAP', '2023-06-27', '2025-01-10', 540.0, TRUE);

-- 3. VEHICLES
INSERT INTO vehicles (vehicle_id, policy_id, vin, make, model, year, plate_number) VALUES (1, 1, 'VIN0000000001Z', 'BMW', '3 Series', 2013, 'PLT-5089');
INSERT INTO vehicles (vehicle_id, policy_id, vin, make, model, year, plate_number) VALUES (2, 2, 'VIN0000000002Z', 'Toyota', 'Camry', 2010, 'PLT-9176');
INSERT INTO vehicles (vehicle_id, policy_id, vin, make, model, year, plate_number) VALUES (3, 3, 'VIN0000000003Z', 'Honda', 'Accord', 2008, 'PLT-5288');
INSERT INTO vehicles (vehicle_id, policy_id, vin, make, model, year, plate_number) VALUES (4, 4, 'VIN0000000004Y', 'Tesla', 'Model S', 2011, 'PLT-5678');
INSERT INTO vehicles (vehicle_id, policy_id, vin, make, model, year, plate_number) VALUES (5, 5, 'VIN0000000005X', 'BMW', 'X5', 2009, 'PLT-2213');
INSERT INTO vehicles (vehicle_id, policy_id, vin, make, model, year, plate_number) VALUES (6, 6, 'VIN0000000006Z', 'BMW', 'X5', 2019, 'PLT-2438');
INSERT INTO vehicles (vehicle_id, policy_id, vin, make, model, year, plate_number) VALUES (7, 7, 'VIN0000000007Y', 'Tesla', 'Model S', 2007, 'PLT-9882');
INSERT INTO vehicles (vehicle_id, policy_id, vin, make, model, year, plate_number) VALUES (8, 8, 'VIN0000000008X', 'Tesla', 'Model Y', 2010, 'PLT-6922');
INSERT INTO vehicles (vehicle_id, policy_id, vin, make, model, year, plate_number) VALUES (9, 9, 'VIN0000000009X', 'Honda', 'Civic', 2011, 'PLT-3275');
INSERT INTO vehicles (vehicle_id, policy_id, vin, make, model, year, plate_number) VALUES (10, 10, 'VIN0000000010X', 'Ford', 'Mustang', 2016, 'PLT-7044');
INSERT INTO vehicles (vehicle_id, policy_id, vin, make, model, year, plate_number) VALUES (11, 11, 'VIN0000000011X', 'BMW', 'M4', 2024, 'PLT-2412');
INSERT INTO vehicles (vehicle_id, policy_id, vin, make, model, year, plate_number) VALUES (12, 12, 'VIN0000000012Y', 'Toyota', 'Corolla', 2020, 'PLT-9612');
INSERT INTO vehicles (vehicle_id, policy_id, vin, make, model, year, plate_number) VALUES (13, 13, 'VIN0000000013Z', 'BMW', '3 Series', 2007, 'PLT-3053');
INSERT INTO vehicles (vehicle_id, policy_id, vin, make, model, year, plate_number) VALUES (14, 14, 'VIN0000000014X', 'Tesla', 'Model S', 2019, 'PLT-8632');
INSERT INTO vehicles (vehicle_id, policy_id, vin, make, model, year, plate_number) VALUES (15, 15, 'VIN0000000015X', 'Honda', 'Accord', 2022, 'PLT-3981');
INSERT INTO vehicles (vehicle_id, policy_id, vin, make, model, year, plate_number) VALUES (16, 16, 'VIN0000000016Z', 'Ford', 'Mustang', 2006, 'PLT-3034');
INSERT INTO vehicles (vehicle_id, policy_id, vin, make, model, year, plate_number) VALUES (17, 17, 'VIN0000000017Y', 'Honda', 'Civic', 2010, 'PLT-3653');
INSERT INTO vehicles (vehicle_id, policy_id, vin, make, model, year, plate_number) VALUES (18, 18, 'VIN0000000018X', 'Tesla', 'Model S', 2016, 'PLT-9501');
INSERT INTO vehicles (vehicle_id, policy_id, vin, make, model, year, plate_number) VALUES (19, 19, 'VIN0000000019Y', 'Tesla', 'Model 3', 2011, 'PLT-5496');
INSERT INTO vehicles (vehicle_id, policy_id, vin, make, model, year, plate_number) VALUES (20, 20, 'VIN0000000020Y', 'Ford', 'Explorer', 2024, 'PLT-9740');
INSERT INTO vehicles (vehicle_id, policy_id, vin, make, model, year, plate_number) VALUES (21, 21, 'VIN0000000021Z', 'Toyota', 'RAV4', 2010, 'PLT-3526');
INSERT INTO vehicles (vehicle_id, policy_id, vin, make, model, year, plate_number) VALUES (22, 22, 'VIN0000000022Z', 'Ford', 'Explorer', 2024, 'PLT-6531');
INSERT INTO vehicles (vehicle_id, policy_id, vin, make, model, year, plate_number) VALUES (23, 23, 'VIN0000000023X', 'Honda', 'Civic', 2007, 'PLT-1744');
INSERT INTO vehicles (vehicle_id, policy_id, vin, make, model, year, plate_number) VALUES (24, 24, 'VIN0000000024Z', 'Honda', 'Accord', 2011, 'PLT-7825');
INSERT INTO vehicles (vehicle_id, policy_id, vin, make, model, year, plate_number) VALUES (25, 25, 'VIN0000000025X', 'Honda', 'CR-V', 2020, 'PLT-9938');
INSERT INTO vehicles (vehicle_id, policy_id, vin, make, model, year, plate_number) VALUES (26, 26, 'VIN0000000026Y', 'Tesla', 'Model S', 2020, 'PLT-5012');
INSERT INTO vehicles (vehicle_id, policy_id, vin, make, model, year, plate_number) VALUES (27, 27, 'VIN0000000027Y', 'BMW', '3 Series', 2007, 'PLT-1981');
INSERT INTO vehicles (vehicle_id, policy_id, vin, make, model, year, plate_number) VALUES (28, 28, 'VIN0000000028Y', 'Ford', 'Mustang', 2020, 'PLT-8609');
INSERT INTO vehicles (vehicle_id, policy_id, vin, make, model, year, plate_number) VALUES (29, 29, 'VIN0000000029Z', 'Ford', 'Mustang', 2009, 'PLT-6121');
INSERT INTO vehicles (vehicle_id, policy_id, vin, make, model, year, plate_number) VALUES (30, 30, 'VIN0000000030Y', 'Tesla', 'Model S', 2017, 'PLT-3142');
INSERT INTO vehicles (vehicle_id, policy_id, vin, make, model, year, plate_number) VALUES (31, 31, 'VIN0000000031Z', 'Tesla', 'Model S', 2008, 'PLT-6228');
INSERT INTO vehicles (vehicle_id, policy_id, vin, make, model, year, plate_number) VALUES (32, 32, 'VIN0000000032X', 'Ford', 'Mustang', 2013, 'PLT-8366');
INSERT INTO vehicles (vehicle_id, policy_id, vin, make, model, year, plate_number) VALUES (33, 33, 'VIN0000000033X', 'Ford', 'F-150', 2006, 'PLT-5754');
INSERT INTO vehicles (vehicle_id, policy_id, vin, make, model, year, plate_number) VALUES (34, 34, 'VIN0000000034Y', 'BMW', 'M4', 2012, 'PLT-3616');
INSERT INTO vehicles (vehicle_id, policy_id, vin, make, model, year, plate_number) VALUES (35, 35, 'VIN0000000035Z', 'Tesla', 'Model S', 2015, 'PLT-4110');
INSERT INTO vehicles (vehicle_id, policy_id, vin, make, model, year, plate_number) VALUES (36, 36, 'VIN0000000036Z', 'Ford', 'Mustang', 2019, 'PLT-9171');
INSERT INTO vehicles (vehicle_id, policy_id, vin, make, model, year, plate_number) VALUES (37, 37, 'VIN0000000037X', 'Tesla', 'Model Y', 2007, 'PLT-7442');
INSERT INTO vehicles (vehicle_id, policy_id, vin, make, model, year, plate_number) VALUES (38, 38, 'VIN0000000038X', 'Honda', 'Accord', 2011, 'PLT-6781');
INSERT INTO vehicles (vehicle_id, policy_id, vin, make, model, year, plate_number) VALUES (39, 39, 'VIN0000000039Y', 'Toyota', 'Camry', 2020, 'PLT-8710');
INSERT INTO vehicles (vehicle_id, policy_id, vin, make, model, year, plate_number) VALUES (40, 40, 'VIN0000000040X', 'Tesla', 'Model S', 2008, 'PLT-8060');
INSERT INTO vehicles (vehicle_id, policy_id, vin, make, model, year, plate_number) VALUES (41, 41, 'VIN0000000041Z', 'Ford', 'Mustang', 2016, 'PLT-7606');
INSERT INTO vehicles (vehicle_id, policy_id, vin, make, model, year, plate_number) VALUES (42, 42, 'VIN0000000042Y', 'Tesla', 'Model 3', 2006, 'PLT-4189');
INSERT INTO vehicles (vehicle_id, policy_id, vin, make, model, year, plate_number) VALUES (43, 43, 'VIN0000000043Y', 'Tesla', 'Model S', 2007, 'PLT-7329');
INSERT INTO vehicles (vehicle_id, policy_id, vin, make, model, year, plate_number) VALUES (44, 44, 'VIN0000000044Z', 'Honda', 'Accord', 2013, 'PLT-2946');
INSERT INTO vehicles (vehicle_id, policy_id, vin, make, model, year, plate_number) VALUES (45, 45, 'VIN0000000045Y', 'Ford', 'F-150', 2016, 'PLT-6555');
INSERT INTO vehicles (vehicle_id, policy_id, vin, make, model, year, plate_number) VALUES (46, 46, 'VIN0000000046X', 'Honda', 'Accord', 2011, 'PLT-9341');
INSERT INTO vehicles (vehicle_id, policy_id, vin, make, model, year, plate_number) VALUES (47, 47, 'VIN0000000047X', 'BMW', 'M4', 2006, 'PLT-1637');
INSERT INTO vehicles (vehicle_id, policy_id, vin, make, model, year, plate_number) VALUES (48, 48, 'VIN0000000048Y', 'Ford', 'Explorer', 2020, 'PLT-9508');
INSERT INTO vehicles (vehicle_id, policy_id, vin, make, model, year, plate_number) VALUES (49, 49, 'VIN0000000049Z', 'BMW', 'X5', 2021, 'PLT-3290');
INSERT INTO vehicles (vehicle_id, policy_id, vin, make, model, year, plate_number) VALUES (50, 50, 'VIN0000000050Y', 'Tesla', 'Model S', 2010, 'PLT-7438');
INSERT INTO vehicles (vehicle_id, policy_id, vin, make, model, year, plate_number) VALUES (51, 51, 'VIN0000000051Y', 'Honda', 'CR-V', 2023, 'PLT-6511');
INSERT INTO vehicles (vehicle_id, policy_id, vin, make, model, year, plate_number) VALUES (52, 52, 'VIN0000000052Z', 'Honda', 'CR-V', 2020, 'PLT-5911');
INSERT INTO vehicles (vehicle_id, policy_id, vin, make, model, year, plate_number) VALUES (53, 53, 'VIN0000000053Y', 'BMW', 'X5', 2015, 'PLT-2795');
INSERT INTO vehicles (vehicle_id, policy_id, vin, make, model, year, plate_number) VALUES (54, 54, 'VIN0000000054Y', 'BMW', 'M4', 2005, 'PLT-8775');
INSERT INTO vehicles (vehicle_id, policy_id, vin, make, model, year, plate_number) VALUES (55, 55, 'VIN0000000055Z', 'Tesla', 'Model S', 2023, 'PLT-4728');
INSERT INTO vehicles (vehicle_id, policy_id, vin, make, model, year, plate_number) VALUES (56, 56, 'VIN0000000056Y', 'Toyota', 'RAV4', 2010, 'PLT-9589');
INSERT INTO vehicles (vehicle_id, policy_id, vin, make, model, year, plate_number) VALUES (57, 57, 'VIN0000000057X', 'Honda', 'Accord', 2012, 'PLT-1517');
INSERT INTO vehicles (vehicle_id, policy_id, vin, make, model, year, plate_number) VALUES (58, 58, 'VIN0000000058X', 'Honda', 'CR-V', 2011, 'PLT-1310');
INSERT INTO vehicles (vehicle_id, policy_id, vin, make, model, year, plate_number) VALUES (59, 59, 'VIN0000000059Y', 'BMW', '3 Series', 2009, 'PLT-7765');
INSERT INTO vehicles (vehicle_id, policy_id, vin, make, model, year, plate_number) VALUES (60, 60, 'VIN0000000060Z', 'Ford', 'Mustang', 2024, 'PLT-8726');
INSERT INTO vehicles (vehicle_id, policy_id, vin, make, model, year, plate_number) VALUES (61, 61, 'VIN0000000061X', 'Toyota', 'RAV4', 2021, 'PLT-4397');
INSERT INTO vehicles (vehicle_id, policy_id, vin, make, model, year, plate_number) VALUES (62, 62, 'VIN0000000062Z', 'Honda', 'Accord', 2020, 'PLT-9609');
INSERT INTO vehicles (vehicle_id, policy_id, vin, make, model, year, plate_number) VALUES (63, 63, 'VIN0000000063X', 'BMW', '3 Series', 2019, 'PLT-9734');
INSERT INTO vehicles (vehicle_id, policy_id, vin, make, model, year, plate_number) VALUES (64, 64, 'VIN0000000064Y', 'Tesla', 'Model S', 2013, 'PLT-8932');
INSERT INTO vehicles (vehicle_id, policy_id, vin, make, model, year, plate_number) VALUES (65, 65, 'VIN0000000065Y', 'Ford', 'F-150', 2022, 'PLT-5890');
INSERT INTO vehicles (vehicle_id, policy_id, vin, make, model, year, plate_number) VALUES (66, 66, 'VIN0000000066Y', 'Ford', 'Mustang', 2011, 'PLT-9011');
INSERT INTO vehicles (vehicle_id, policy_id, vin, make, model, year, plate_number) VALUES (67, 67, 'VIN0000000067Y', 'Tesla', 'Model Y', 2022, 'PLT-5480');
INSERT INTO vehicles (vehicle_id, policy_id, vin, make, model, year, plate_number) VALUES (68, 68, 'VIN0000000068Z', 'Tesla', 'Model 3', 2022, 'PLT-7220');
INSERT INTO vehicles (vehicle_id, policy_id, vin, make, model, year, plate_number) VALUES (69, 69, 'VIN0000000069X', 'BMW', '3 Series', 2014, 'PLT-1689');
INSERT INTO vehicles (vehicle_id, policy_id, vin, make, model, year, plate_number) VALUES (70, 70, 'VIN0000000070X', 'Tesla', 'Model S', 2016, 'PLT-8247');
INSERT INTO vehicles (vehicle_id, policy_id, vin, make, model, year, plate_number) VALUES (71, 71, 'VIN0000000071Y', 'Tesla', 'Model S', 2011, 'PLT-4310');
INSERT INTO vehicles (vehicle_id, policy_id, vin, make, model, year, plate_number) VALUES (72, 72, 'VIN0000000072Z', 'Honda', 'Accord', 2013, 'PLT-3249');
INSERT INTO vehicles (vehicle_id, policy_id, vin, make, model, year, plate_number) VALUES (73, 73, 'VIN0000000073Z', 'Toyota', 'RAV4', 2023, 'PLT-4920');
INSERT INTO vehicles (vehicle_id, policy_id, vin, make, model, year, plate_number) VALUES (74, 74, 'VIN0000000074Z', 'Ford', 'F-150', 2021, 'PLT-4697');
INSERT INTO vehicles (vehicle_id, policy_id, vin, make, model, year, plate_number) VALUES (75, 75, 'VIN0000000075X', 'Ford', 'F-150', 2018, 'PLT-6411');
INSERT INTO vehicles (vehicle_id, policy_id, vin, make, model, year, plate_number) VALUES (76, 76, 'VIN0000000076Z', 'BMW', 'X5', 2009, 'PLT-1084');
INSERT INTO vehicles (vehicle_id, policy_id, vin, make, model, year, plate_number) VALUES (77, 77, 'VIN0000000077Y', 'Honda', 'Civic', 2020, 'PLT-8822');
INSERT INTO vehicles (vehicle_id, policy_id, vin, make, model, year, plate_number) VALUES (78, 78, 'VIN0000000078Y', 'Ford', 'Mustang', 2014, 'PLT-1969');
INSERT INTO vehicles (vehicle_id, policy_id, vin, make, model, year, plate_number) VALUES (79, 79, 'VIN0000000079Z', 'Toyota', 'RAV4', 2012, 'PLT-9767');
INSERT INTO vehicles (vehicle_id, policy_id, vin, make, model, year, plate_number) VALUES (80, 80, 'VIN0000000080Y', 'Toyota', 'Camry', 2010, 'PLT-1595');
INSERT INTO vehicles (vehicle_id, policy_id, vin, make, model, year, plate_number) VALUES (81, 81, 'VIN0000000081X', 'BMW', '3 Series', 2014, 'PLT-1613');
INSERT INTO vehicles (vehicle_id, policy_id, vin, make, model, year, plate_number) VALUES (82, 82, 'VIN0000000082Z', 'Toyota', 'Corolla', 2024, 'PLT-2758');
INSERT INTO vehicles (vehicle_id, policy_id, vin, make, model, year, plate_number) VALUES (83, 83, 'VIN0000000083Y', 'Tesla', 'Model Y', 2022, 'PLT-9590');
INSERT INTO vehicles (vehicle_id, policy_id, vin, make, model, year, plate_number) VALUES (84, 84, 'VIN0000000084Z', 'BMW', 'X5', 2019, 'PLT-5470');
INSERT INTO vehicles (vehicle_id, policy_id, vin, make, model, year, plate_number) VALUES (85, 85, 'VIN0000000085Y', 'Ford', 'F-150', 2010, 'PLT-8518');
INSERT INTO vehicles (vehicle_id, policy_id, vin, make, model, year, plate_number) VALUES (86, 86, 'VIN0000000086X', 'Tesla', 'Model S', 2005, 'PLT-6523');
INSERT INTO vehicles (vehicle_id, policy_id, vin, make, model, year, plate_number) VALUES (87, 87, 'VIN0000000087Z', 'Tesla', 'Model S', 2011, 'PLT-3875');
INSERT INTO vehicles (vehicle_id, policy_id, vin, make, model, year, plate_number) VALUES (88, 88, 'VIN0000000088Y', 'Honda', 'CR-V', 2018, 'PLT-9442');
INSERT INTO vehicles (vehicle_id, policy_id, vin, make, model, year, plate_number) VALUES (89, 89, 'VIN0000000089Y', 'Tesla', 'Model 3', 2008, 'PLT-4027');
INSERT INTO vehicles (vehicle_id, policy_id, vin, make, model, year, plate_number) VALUES (90, 90, 'VIN0000000090Y', 'Ford', 'Mustang', 2012, 'PLT-1111');
INSERT INTO vehicles (vehicle_id, policy_id, vin, make, model, year, plate_number) VALUES (91, 91, 'VIN0000000091X', 'Tesla', 'Model Y', 2019, 'PLT-5374');
INSERT INTO vehicles (vehicle_id, policy_id, vin, make, model, year, plate_number) VALUES (92, 92, 'VIN0000000092Z', 'Tesla', 'Model Y', 2023, 'PLT-1187');
INSERT INTO vehicles (vehicle_id, policy_id, vin, make, model, year, plate_number) VALUES (93, 93, 'VIN0000000093Y', 'Tesla', 'Model S', 2012, 'PLT-2017');
INSERT INTO vehicles (vehicle_id, policy_id, vin, make, model, year, plate_number) VALUES (94, 94, 'VIN0000000094Y', 'Toyota', 'Corolla', 2010, 'PLT-7642');
INSERT INTO vehicles (vehicle_id, policy_id, vin, make, model, year, plate_number) VALUES (95, 95, 'VIN0000000095Y', 'Honda', 'CR-V', 2008, 'PLT-5833');
INSERT INTO vehicles (vehicle_id, policy_id, vin, make, model, year, plate_number) VALUES (96, 96, 'VIN0000000096X', 'Tesla', 'Model S', 2012, 'PLT-3188');
INSERT INTO vehicles (vehicle_id, policy_id, vin, make, model, year, plate_number) VALUES (97, 97, 'VIN0000000097Y', 'BMW', 'X5', 2024, 'PLT-7121');
INSERT INTO vehicles (vehicle_id, policy_id, vin, make, model, year, plate_number) VALUES (98, 98, 'VIN0000000098Z', 'BMW', 'M4', 2020, 'PLT-9806');
INSERT INTO vehicles (vehicle_id, policy_id, vin, make, model, year, plate_number) VALUES (99, 99, 'VIN0000000099Z', 'Ford', 'F-150', 2024, 'PLT-2341');
INSERT INTO vehicles (vehicle_id, policy_id, vin, make, model, year, plate_number) VALUES (100, 100, 'VIN0000000100Z', 'Honda', 'Accord', 2016, 'PLT-2279');
INSERT INTO vehicles (vehicle_id, policy_id, vin, make, model, year, plate_number) VALUES (101, 101, 'VIN0000000101X', 'Honda', 'Civic', 2022, 'PLT-9281');
INSERT INTO vehicles (vehicle_id, policy_id, vin, make, model, year, plate_number) VALUES (102, 102, 'VIN0000000102Z', 'Ford', 'Explorer', 2009, 'PLT-3695');
INSERT INTO vehicles (vehicle_id, policy_id, vin, make, model, year, plate_number) VALUES (103, 103, 'VIN0000000103Y', 'Tesla', 'Model S', 2008, 'PLT-4365');
INSERT INTO vehicles (vehicle_id, policy_id, vin, make, model, year, plate_number) VALUES (104, 104, 'VIN0000000104X', 'Honda', 'Accord', 2021, 'PLT-8298');
INSERT INTO vehicles (vehicle_id, policy_id, vin, make, model, year, plate_number) VALUES (105, 105, 'VIN0000000105X', 'Toyota', 'Corolla', 2021, 'PLT-7806');
INSERT INTO vehicles (vehicle_id, policy_id, vin, make, model, year, plate_number) VALUES (106, 106, 'VIN0000000106X', 'BMW', 'M4', 2022, 'PLT-8575');
INSERT INTO vehicles (vehicle_id, policy_id, vin, make, model, year, plate_number) VALUES (107, 107, 'VIN0000000107X', 'Tesla', 'Model S', 2017, 'PLT-5169');
INSERT INTO vehicles (vehicle_id, policy_id, vin, make, model, year, plate_number) VALUES (108, 108, 'VIN0000000108X', 'Toyota', 'RAV4', 2023, 'PLT-2196');
INSERT INTO vehicles (vehicle_id, policy_id, vin, make, model, year, plate_number) VALUES (109, 109, 'VIN0000000109Y', 'Toyota', 'Corolla', 2007, 'PLT-9866');
INSERT INTO vehicles (vehicle_id, policy_id, vin, make, model, year, plate_number) VALUES (110, 110, 'VIN0000000110Y', 'Toyota', 'Camry', 2006, 'PLT-5703');
INSERT INTO vehicles (vehicle_id, policy_id, vin, make, model, year, plate_number) VALUES (111, 111, 'VIN0000000111X', 'BMW', 'X5', 2018, 'PLT-7135');
INSERT INTO vehicles (vehicle_id, policy_id, vin, make, model, year, plate_number) VALUES (112, 112, 'VIN0000000112Y', 'BMW', '3 Series', 2017, 'PLT-2314');
INSERT INTO vehicles (vehicle_id, policy_id, vin, make, model, year, plate_number) VALUES (113, 113, 'VIN0000000113Z', 'Honda', 'Civic', 2016, 'PLT-2943');
INSERT INTO vehicles (vehicle_id, policy_id, vin, make, model, year, plate_number) VALUES (114, 114, 'VIN0000000114Y', 'Ford', 'Explorer', 2021, 'PLT-3086');
INSERT INTO vehicles (vehicle_id, policy_id, vin, make, model, year, plate_number) VALUES (115, 115, 'VIN0000000115X', 'Ford', 'F-150', 2014, 'PLT-8585');
INSERT INTO vehicles (vehicle_id, policy_id, vin, make, model, year, plate_number) VALUES (116, 116, 'VIN0000000116Z', 'Honda', 'Accord', 2017, 'PLT-4762');
INSERT INTO vehicles (vehicle_id, policy_id, vin, make, model, year, plate_number) VALUES (117, 117, 'VIN0000000117Y', 'Ford', 'Mustang', 2009, 'PLT-5516');
INSERT INTO vehicles (vehicle_id, policy_id, vin, make, model, year, plate_number) VALUES (118, 118, 'VIN0000000118X', 'Ford', 'Explorer', 2006, 'PLT-7868');
INSERT INTO vehicles (vehicle_id, policy_id, vin, make, model, year, plate_number) VALUES (119, 119, 'VIN0000000119X', 'Honda', 'Civic', 2011, 'PLT-2102');
INSERT INTO vehicles (vehicle_id, policy_id, vin, make, model, year, plate_number) VALUES (120, 120, 'VIN0000000120X', 'Toyota', 'RAV4', 2019, 'PLT-1797');
INSERT INTO vehicles (vehicle_id, policy_id, vin, make, model, year, plate_number) VALUES (121, 121, 'VIN0000000121X', 'Ford', 'Explorer', 2017, 'PLT-8191');
INSERT INTO vehicles (vehicle_id, policy_id, vin, make, model, year, plate_number) VALUES (122, 122, 'VIN0000000122X', 'Ford', 'Explorer', 2006, 'PLT-3295');
INSERT INTO vehicles (vehicle_id, policy_id, vin, make, model, year, plate_number) VALUES (123, 123, 'VIN0000000123X', 'Honda', 'Accord', 2023, 'PLT-6224');
INSERT INTO vehicles (vehicle_id, policy_id, vin, make, model, year, plate_number) VALUES (124, 124, 'VIN0000000124Z', 'Honda', 'CR-V', 2015, 'PLT-4881');
INSERT INTO vehicles (vehicle_id, policy_id, vin, make, model, year, plate_number) VALUES (125, 125, 'VIN0000000125Z', 'Tesla', 'Model 3', 2021, 'PLT-4621');
INSERT INTO vehicles (vehicle_id, policy_id, vin, make, model, year, plate_number) VALUES (126, 126, 'VIN0000000126Y', 'BMW', '3 Series', 2006, 'PLT-3869');
INSERT INTO vehicles (vehicle_id, policy_id, vin, make, model, year, plate_number) VALUES (127, 127, 'VIN0000000127Y', 'BMW', 'M4', 2006, 'PLT-6642');
INSERT INTO vehicles (vehicle_id, policy_id, vin, make, model, year, plate_number) VALUES (128, 128, 'VIN0000000128Y', 'BMW', 'M4', 2018, 'PLT-7688');
INSERT INTO vehicles (vehicle_id, policy_id, vin, make, model, year, plate_number) VALUES (129, 129, 'VIN0000000129Y', 'Ford', 'Mustang', 2010, 'PLT-9813');
INSERT INTO vehicles (vehicle_id, policy_id, vin, make, model, year, plate_number) VALUES (130, 130, 'VIN0000000130X', 'BMW', 'X5', 2014, 'PLT-3365');
INSERT INTO vehicles (vehicle_id, policy_id, vin, make, model, year, plate_number) VALUES (131, 131, 'VIN0000000131Z', 'BMW', 'X5', 2018, 'PLT-7824');
INSERT INTO vehicles (vehicle_id, policy_id, vin, make, model, year, plate_number) VALUES (132, 132, 'VIN0000000132X', 'Honda', 'CR-V', 2017, 'PLT-4978');
INSERT INTO vehicles (vehicle_id, policy_id, vin, make, model, year, plate_number) VALUES (133, 133, 'VIN0000000133Y', 'Tesla', 'Model 3', 2007, 'PLT-8369');
INSERT INTO vehicles (vehicle_id, policy_id, vin, make, model, year, plate_number) VALUES (134, 134, 'VIN0000000134Z', 'Tesla', 'Model 3', 2011, 'PLT-1844');
INSERT INTO vehicles (vehicle_id, policy_id, vin, make, model, year, plate_number) VALUES (135, 135, 'VIN0000000135Z', 'Tesla', 'Model Y', 2024, 'PLT-1647');
INSERT INTO vehicles (vehicle_id, policy_id, vin, make, model, year, plate_number) VALUES (136, 136, 'VIN0000000136Z', 'Toyota', 'Camry', 2022, 'PLT-4555');

-- 4. CLAIMS
INSERT INTO claims (claim_id, policy_id, claim_date, description, claim_amount, status) VALUES (1, 5, '2023-03-02', 'Theft', 4589.32, 'PAID');
INSERT INTO claims (claim_id, policy_id, claim_date, description, claim_amount, status) VALUES (2, 9, '2023-05-25', 'Theft', 2438.0, 'PAID');
INSERT INTO claims (claim_id, policy_id, claim_date, description, claim_amount, status) VALUES (3, 9, '2023-11-29', 'Hail', 1680.43, 'PAID');
INSERT INTO claims (claim_id, policy_id, claim_date, description, claim_amount, status) VALUES (4, 9, '2023-07-04', 'Theft', 2436.82, 'PAID');
INSERT INTO claims (claim_id, policy_id, claim_date, description, claim_amount, status) VALUES (5, 14, '2023-07-31', 'Fender Bender', 2900.12, 'PAID');
INSERT INTO claims (claim_id, policy_id, claim_date, description, claim_amount, status) VALUES (6, 14, '2023-04-24', 'Windshield', 277.86, 'PAID');
INSERT INTO claims (claim_id, policy_id, claim_date, description, claim_amount, status) VALUES (7, 18, '2023-06-18', 'Windshield', 2023.23, 'PAID');
INSERT INTO claims (claim_id, policy_id, claim_date, description, claim_amount, status) VALUES (8, 23, '2023-11-25', 'Theft', 2411.98, 'PAID');
INSERT INTO claims (claim_id, policy_id, claim_date, description, claim_amount, status) VALUES (9, 26, '2023-04-05', 'Fender Bender', 2714.93, 'PAID');
INSERT INTO claims (claim_id, policy_id, claim_date, description, claim_amount, status) VALUES (10, 28, '2023-01-04', 'Theft', 859.96, 'PAID');
INSERT INTO claims (claim_id, policy_id, claim_date, description, claim_amount, status) VALUES (11, 30, '2023-01-05', 'Windshield', 2627.52, 'PAID');
INSERT INTO claims (claim_id, policy_id, claim_date, description, claim_amount, status) VALUES (12, 37, '2023-07-30', 'Fender Bender', 280.29, 'PAID');
INSERT INTO claims (claim_id, policy_id, claim_date, description, claim_amount, status) VALUES (13, 37, '2023-05-21', 'Hail', 282.28, 'PAID');
INSERT INTO claims (claim_id, policy_id, claim_date, description, claim_amount, status) VALUES (14, 37, '2023-12-24', 'Theft', 4069.6, 'PAID');
INSERT INTO claims (claim_id, policy_id, claim_date, description, claim_amount, status) VALUES (15, 37, '2023-04-02', 'Fender Bender', 4606.63, 'PAID');
INSERT INTO claims (claim_id, policy_id, claim_date, description, claim_amount, status) VALUES (16, 37, '2023-09-26', 'Windshield', 1356.65, 'PAID');
INSERT INTO claims (claim_id, policy_id, claim_date, description, claim_amount, status) VALUES (17, 39, '2023-05-17', 'Theft', 579.29, 'PAID');
INSERT INTO claims (claim_id, policy_id, claim_date, description, claim_amount, status) VALUES (18, 39, '2023-07-27', 'Theft', 2912.01, 'PAID');
INSERT INTO claims (claim_id, policy_id, claim_date, description, claim_amount, status) VALUES (19, 39, '2023-12-23', 'Windshield', 1639.88, 'PAID');
INSERT INTO claims (claim_id, policy_id, claim_date, description, claim_amount, status) VALUES (20, 41, '2023-02-17', 'Theft', 2020.47, 'PAID');
INSERT INTO claims (claim_id, policy_id, claim_date, description, claim_amount, status) VALUES (21, 43, '2023-12-26', 'Windshield', 596.89, 'PAID');
INSERT INTO claims (claim_id, policy_id, claim_date, description, claim_amount, status) VALUES (22, 51, '2023-05-19', 'Fender Bender', 4635.96, 'PAID');
INSERT INTO claims (claim_id, policy_id, claim_date, description, claim_amount, status) VALUES (23, 51, '2023-12-17', 'Hail', 4516.7, 'PAID');
INSERT INTO claims (claim_id, policy_id, claim_date, description, claim_amount, status) VALUES (24, 53, '2023-01-09', 'Windshield', 3017.77, 'PAID');
INSERT INTO claims (claim_id, policy_id, claim_date, description, claim_amount, status) VALUES (25, 57, '2023-10-16', 'Windshield', 2920.14, 'PAID');
INSERT INTO claims (claim_id, policy_id, claim_date, description, claim_amount, status) VALUES (26, 57, '2023-07-19', 'Hail', 2042.46, 'PAID');
INSERT INTO claims (claim_id, policy_id, claim_date, description, claim_amount, status) VALUES (27, 61, '2023-01-28', 'Fender Bender', 2298.02, 'PAID');
INSERT INTO claims (claim_id, policy_id, claim_date, description, claim_amount, status) VALUES (28, 68, '2023-08-19', 'Theft', 1295.06, 'PAID');
INSERT INTO claims (claim_id, policy_id, claim_date, description, claim_amount, status) VALUES (29, 71, '2023-12-05', 'Theft', 611.33, 'PAID');
INSERT INTO claims (claim_id, policy_id, claim_date, description, claim_amount, status) VALUES (30, 71, '2023-11-13', 'Hail', 4030.66, 'PAID');
INSERT INTO claims (claim_id, policy_id, claim_date, description, claim_amount, status) VALUES (31, 71, '2023-02-07', 'Fender Bender', 1486.27, 'PAID');
INSERT INTO claims (claim_id, policy_id, claim_date, description, claim_amount, status) VALUES (32, 71, '2023-07-14', 'Windshield', 3750.35, 'PAID');
INSERT INTO claims (claim_id, policy_id, claim_date, description, claim_amount, status) VALUES (33, 71, '2023-06-12', 'Hail', 711.44, 'PAID');
INSERT INTO claims (claim_id, policy_id, claim_date, description, claim_amount, status) VALUES (34, 72, '2023-08-16', 'Hail', 3854.46, 'PAID');
INSERT INTO claims (claim_id, policy_id, claim_date, description, claim_amount, status) VALUES (35, 72, '2023-02-22', 'Windshield', 619.03, 'PAID');
INSERT INTO claims (claim_id, policy_id, claim_date, description, claim_amount, status) VALUES (36, 72, '2023-08-09', 'Theft', 2873.53, 'PAID');
INSERT INTO claims (claim_id, policy_id, claim_date, description, claim_amount, status) VALUES (37, 74, '2023-07-01', 'Fender Bender', 3065.24, 'PAID');
INSERT INTO claims (claim_id, policy_id, claim_date, description, claim_amount, status) VALUES (38, 77, '2023-07-18', 'Fender Bender', 3679.25, 'PAID');
INSERT INTO claims (claim_id, policy_id, claim_date, description, claim_amount, status) VALUES (39, 77, '2023-10-14', 'Windshield', 2945.41, 'PAID');
INSERT INTO claims (claim_id, policy_id, claim_date, description, claim_amount, status) VALUES (40, 78, '2023-03-28', 'Windshield', 1490.81, 'PAID');
INSERT INTO claims (claim_id, policy_id, claim_date, description, claim_amount, status) VALUES (41, 79, '2023-02-02', 'Windshield', 2286.45, 'PAID');
INSERT INTO claims (claim_id, policy_id, claim_date, description, claim_amount, status) VALUES (42, 82, '2023-05-07', 'Theft', 3050.27, 'PAID');
INSERT INTO claims (claim_id, policy_id, claim_date, description, claim_amount, status) VALUES (43, 83, '2023-03-11', 'Hail', 232.48, 'PAID');
INSERT INTO claims (claim_id, policy_id, claim_date, description, claim_amount, status) VALUES (44, 97, '2023-06-13', 'Hail', 3727.4, 'PAID');
INSERT INTO claims (claim_id, policy_id, claim_date, description, claim_amount, status) VALUES (45, 102, '2023-07-06', 'Fender Bender', 4673.92, 'PAID');
INSERT INTO claims (claim_id, policy_id, claim_date, description, claim_amount, status) VALUES (46, 102, '2023-04-13', 'Windshield', 3472.22, 'PAID');
INSERT INTO claims (claim_id, policy_id, claim_date, description, claim_amount, status) VALUES (47, 108, '2023-07-29', 'Theft', 868.06, 'PAID');
INSERT INTO claims (claim_id, policy_id, claim_date, description, claim_amount, status) VALUES (48, 110, '2023-08-05', 'Theft', 555.03, 'PAID');
INSERT INTO claims (claim_id, policy_id, claim_date, description, claim_amount, status) VALUES (49, 123, '2023-12-03', 'Hail', 998.42, 'PAID');
INSERT INTO claims (claim_id, policy_id, claim_date, description, claim_amount, status) VALUES (50, 131, '2023-05-13', 'Windshield', 2651.25, 'PAID');

-- 5. COVERAGES
INSERT INTO policy_coverages (coverage_id, policy_id, coverage_type, coverage_limit, deductible, is_optional, description) VALUES (1, 1, 'Liability', 250000.0, 0.0, FALSE, 'Mandatory State Minimum');
INSERT INTO policy_coverages (coverage_id, policy_id, coverage_type, coverage_limit, deductible, is_optional, description) VALUES (2, 1, 'Collision', 50000.0, 500.0, FALSE, 'Accident Repairs');
INSERT INTO policy_coverages (coverage_id, policy_id, coverage_type, coverage_limit, deductible, is_optional, description) VALUES (3, 2, 'Liability', 250000.0, 0.0, FALSE, 'Mandatory State Minimum');
INSERT INTO policy_coverages (coverage_id, policy_id, coverage_type, coverage_limit, deductible, is_optional, description) VALUES (4, 2, 'Collision', 50000.0, 500.0, FALSE, 'Accident Repairs');
INSERT INTO policy_coverages (coverage_id, policy_id, coverage_type, coverage_limit, deductible, is_optional, description) VALUES (5, 3, 'Liability', 250000.0, 0.0, FALSE, 'Mandatory State Minimum');
INSERT INTO policy_coverages (coverage_id, policy_id, coverage_type, coverage_limit, deductible, is_optional, description) VALUES (6, 4, 'Liability', 250000.0, 0.0, FALSE, 'Mandatory State Minimum');
INSERT INTO policy_coverages (coverage_id, policy_id, coverage_type, coverage_limit, deductible, is_optional, description) VALUES (7, 4, 'Collision', 50000.0, 500.0, FALSE, 'Accident Repairs');
INSERT INTO policy_coverages (coverage_id, policy_id, coverage_type, coverage_limit, deductible, is_optional, description) VALUES (8, 5, 'Liability', 250000.0, 0.0, FALSE, 'Mandatory State Minimum');
INSERT INTO policy_coverages (coverage_id, policy_id, coverage_type, coverage_limit, deductible, is_optional, description) VALUES (9, 5, 'Collision', 50000.0, 500.0, FALSE, 'Accident Repairs');
INSERT INTO policy_coverages (coverage_id, policy_id, coverage_type, coverage_limit, deductible, is_optional, description) VALUES (10, 6, 'Liability', 250000.0, 0.0, FALSE, 'Mandatory State Minimum');
INSERT INTO policy_coverages (coverage_id, policy_id, coverage_type, coverage_limit, deductible, is_optional, description) VALUES (11, 6, 'Collision', 50000.0, 500.0, FALSE, 'Accident Repairs');
INSERT INTO policy_coverages (coverage_id, policy_id, coverage_type, coverage_limit, deductible, is_optional, description) VALUES (12, 7, 'Liability', 250000.0, 0.0, FALSE, 'Mandatory State Minimum');
INSERT INTO policy_coverages (coverage_id, policy_id, coverage_type, coverage_limit, deductible, is_optional, description) VALUES (13, 7, 'Collision', 50000.0, 500.0, FALSE, 'Accident Repairs');
INSERT INTO policy_coverages (coverage_id, policy_id, coverage_type, coverage_limit, deductible, is_optional, description) VALUES (14, 8, 'Liability', 250000.0, 0.0, FALSE, 'Mandatory State Minimum');
INSERT INTO policy_coverages (coverage_id, policy_id, coverage_type, coverage_limit, deductible, is_optional, description) VALUES (15, 8, 'Collision', 50000.0, 500.0, FALSE, 'Accident Repairs');
INSERT INTO policy_coverages (coverage_id, policy_id, coverage_type, coverage_limit, deductible, is_optional, description) VALUES (16, 9, 'Liability', 250000.0, 0.0, FALSE, 'Mandatory State Minimum');
INSERT INTO policy_coverages (coverage_id, policy_id, coverage_type, coverage_limit, deductible, is_optional, description) VALUES (17, 9, 'Collision', 50000.0, 500.0, FALSE, 'Accident Repairs');
INSERT INTO policy_coverages (coverage_id, policy_id, coverage_type, coverage_limit, deductible, is_optional, description) VALUES (18, 10, 'Liability', 250000.0, 0.0, FALSE, 'Mandatory State Minimum');
INSERT INTO policy_coverages (coverage_id, policy_id, coverage_type, coverage_limit, deductible, is_optional, description) VALUES (19, 10, 'Collision', 50000.0, 500.0, FALSE, 'Accident Repairs');
INSERT INTO policy_coverages (coverage_id, policy_id, coverage_type, coverage_limit, deductible, is_optional, description) VALUES (20, 11, 'Liability', 250000.0, 0.0, FALSE, 'Mandatory State Minimum');
INSERT INTO policy_coverages (coverage_id, policy_id, coverage_type, coverage_limit, deductible, is_optional, description) VALUES (21, 11, 'Collision', 50000.0, 500.0, FALSE, 'Accident Repairs');
INSERT INTO policy_coverages (coverage_id, policy_id, coverage_type, coverage_limit, deductible, is_optional, description) VALUES (22, 12, 'Liability', 250000.0, 0.0, FALSE, 'Mandatory State Minimum');
INSERT INTO policy_coverages (coverage_id, policy_id, coverage_type, coverage_limit, deductible, is_optional, description) VALUES (23, 12, 'Collision', 50000.0, 500.0, FALSE, 'Accident Repairs');
INSERT INTO policy_coverages (coverage_id, policy_id, coverage_type, coverage_limit, deductible, is_optional, description) VALUES (24, 13, 'Liability', 250000.0, 0.0, FALSE, 'Mandatory State Minimum');
INSERT INTO policy_coverages (coverage_id, policy_id, coverage_type, coverage_limit, deductible, is_optional, description) VALUES (25, 13, 'Collision', 50000.0, 500.0, FALSE, 'Accident Repairs');
INSERT INTO policy_coverages (coverage_id, policy_id, coverage_type, coverage_limit, deductible, is_optional, description) VALUES (26, 13, 'Passenger Protection', 1000000.0, 0.0, TRUE, 'Active Ride Coverage');
INSERT INTO policy_coverages (coverage_id, policy_id, coverage_type, coverage_limit, deductible, is_optional, description) VALUES (27, 14, 'Liability', 250000.0, 0.0, FALSE, 'Mandatory State Minimum');
INSERT INTO policy_coverages (coverage_id, policy_id, coverage_type, coverage_limit, deductible, is_optional, description) VALUES (28, 14, 'Collision', 50000.0, 500.0, FALSE, 'Accident Repairs');
INSERT INTO policy_coverages (coverage_id, policy_id, coverage_type, coverage_limit, deductible, is_optional, description) VALUES (29, 15, 'Liability', 250000.0, 0.0, FALSE, 'Mandatory State Minimum');
INSERT INTO policy_coverages (coverage_id, policy_id, coverage_type, coverage_limit, deductible, is_optional, description) VALUES (30, 15, 'Collision', 50000.0, 500.0, FALSE, 'Accident Repairs');
INSERT INTO policy_coverages (coverage_id, policy_id, coverage_type, coverage_limit, deductible, is_optional, description) VALUES (31, 16, 'Liability', 250000.0, 0.0, FALSE, 'Mandatory State Minimum');
INSERT INTO policy_coverages (coverage_id, policy_id, coverage_type, coverage_limit, deductible, is_optional, description) VALUES (32, 16, 'Collision', 50000.0, 500.0, FALSE, 'Accident Repairs');
INSERT INTO policy_coverages (coverage_id, policy_id, coverage_type, coverage_limit, deductible, is_optional, description) VALUES (33, 17, 'Liability', 250000.0, 0.0, FALSE, 'Mandatory State Minimum');
INSERT INTO policy_coverages (coverage_id, policy_id, coverage_type, coverage_limit, deductible, is_optional, description) VALUES (34, 17, 'Collision', 50000.0, 500.0, FALSE, 'Accident Repairs');
INSERT INTO policy_coverages (coverage_id, policy_id, coverage_type, coverage_limit, deductible, is_optional, description) VALUES (35, 18, 'Liability', 250000.0, 0.0, FALSE, 'Mandatory State Minimum');
INSERT INTO policy_coverages (coverage_id, policy_id, coverage_type, coverage_limit, deductible, is_optional, description) VALUES (36, 18, 'Collision', 50000.0, 500.0, FALSE, 'Accident Repairs');
INSERT INTO policy_coverages (coverage_id, policy_id, coverage_type, coverage_limit, deductible, is_optional, description) VALUES (37, 18, 'Passenger Protection', 1000000.0, 0.0, TRUE, 'Active Ride Coverage');
INSERT INTO policy_coverages (coverage_id, policy_id, coverage_type, coverage_limit, deductible, is_optional, description) VALUES (38, 19, 'Liability', 250000.0, 0.0, FALSE, 'Mandatory State Minimum');
INSERT INTO policy_coverages (coverage_id, policy_id, coverage_type, coverage_limit, deductible, is_optional, description) VALUES (39, 19, 'Collision', 50000.0, 500.0, FALSE, 'Accident Repairs');
INSERT INTO policy_coverages (coverage_id, policy_id, coverage_type, coverage_limit, deductible, is_optional, description) VALUES (40, 20, 'Liability', 250000.0, 0.0, FALSE, 'Mandatory State Minimum');
INSERT INTO policy_coverages (coverage_id, policy_id, coverage_type, coverage_limit, deductible, is_optional, description) VALUES (41, 20, 'Collision', 50000.0, 500.0, FALSE, 'Accident Repairs');
INSERT INTO policy_coverages (coverage_id, policy_id, coverage_type, coverage_limit, deductible, is_optional, description) VALUES (42, 21, 'Liability', 250000.0, 0.0, FALSE, 'Mandatory State Minimum');
INSERT INTO policy_coverages (coverage_id, policy_id, coverage_type, coverage_limit, deductible, is_optional, description) VALUES (43, 21, 'Collision', 50000.0, 500.0, FALSE, 'Accident Repairs');
INSERT INTO policy_coverages (coverage_id, policy_id, coverage_type, coverage_limit, deductible, is_optional, description) VALUES (44, 22, 'Liability', 250000.0, 0.0, FALSE, 'Mandatory State Minimum');
INSERT INTO policy_coverages (coverage_id, policy_id, coverage_type, coverage_limit, deductible, is_optional, description) VALUES (45, 22, 'Collision', 50000.0, 500.0, FALSE, 'Accident Repairs');
INSERT INTO policy_coverages (coverage_id, policy_id, coverage_type, coverage_limit, deductible, is_optional, description) VALUES (46, 23, 'Liability', 250000.0, 0.0, FALSE, 'Mandatory State Minimum');
INSERT INTO policy_coverages (coverage_id, policy_id, coverage_type, coverage_limit, deductible, is_optional, description) VALUES (47, 23, 'Collision', 50000.0, 500.0, FALSE, 'Accident Repairs');
INSERT INTO policy_coverages (coverage_id, policy_id, coverage_type, coverage_limit, deductible, is_optional, description) VALUES (48, 24, 'Liability', 250000.0, 0.0, FALSE, 'Mandatory State Minimum');
INSERT INTO policy_coverages (coverage_id, policy_id, coverage_type, coverage_limit, deductible, is_optional, description) VALUES (49, 24, 'Collision', 50000.0, 500.0, FALSE, 'Accident Repairs');
INSERT INTO policy_coverages (coverage_id, policy_id, coverage_type, coverage_limit, deductible, is_optional, description) VALUES (50, 24, 'Passenger Protection', 1000000.0, 0.0, TRUE, 'Active Ride Coverage');
INSERT INTO policy_coverages (coverage_id, policy_id, coverage_type, coverage_limit, deductible, is_optional, description) VALUES (51, 25, 'Liability', 250000.0, 0.0, FALSE, 'Mandatory State Minimum');
INSERT INTO policy_coverages (coverage_id, policy_id, coverage_type, coverage_limit, deductible, is_optional, description) VALUES (52, 25, 'Collision', 50000.0, 500.0, FALSE, 'Accident Repairs');
INSERT INTO policy_coverages (coverage_id, policy_id, coverage_type, coverage_limit, deductible, is_optional, description) VALUES (53, 25, 'Passenger Protection', 1000000.0, 0.0, TRUE, 'Active Ride Coverage');
INSERT INTO policy_coverages (coverage_id, policy_id, coverage_type, coverage_limit, deductible, is_optional, description) VALUES (54, 26, 'Liability', 250000.0, 0.0, FALSE, 'Mandatory State Minimum');
INSERT INTO policy_coverages (coverage_id, policy_id, coverage_type, coverage_limit, deductible, is_optional, description) VALUES (55, 26, 'Collision', 50000.0, 500.0, FALSE, 'Accident Repairs');
INSERT INTO policy_coverages (coverage_id, policy_id, coverage_type, coverage_limit, deductible, is_optional, description) VALUES (56, 27, 'Liability', 250000.0, 0.0, FALSE, 'Mandatory State Minimum');
INSERT INTO policy_coverages (coverage_id, policy_id, coverage_type, coverage_limit, deductible, is_optional, description) VALUES (57, 27, 'Collision', 50000.0, 500.0, FALSE, 'Accident Repairs');
INSERT INTO policy_coverages (coverage_id, policy_id, coverage_type, coverage_limit, deductible, is_optional, description) VALUES (58, 28, 'Liability', 250000.0, 0.0, FALSE, 'Mandatory State Minimum');
INSERT INTO policy_coverages (coverage_id, policy_id, coverage_type, coverage_limit, deductible, is_optional, description) VALUES (59, 28, 'Collision', 50000.0, 500.0, FALSE, 'Accident Repairs');
INSERT INTO policy_coverages (coverage_id, policy_id, coverage_type, coverage_limit, deductible, is_optional, description) VALUES (60, 29, 'Liability', 250000.0, 0.0, FALSE, 'Mandatory State Minimum');
INSERT INTO policy_coverages (coverage_id, policy_id, coverage_type, coverage_limit, deductible, is_optional, description) VALUES (61, 29, 'Collision', 50000.0, 500.0, FALSE, 'Accident Repairs');
INSERT INTO policy_coverages (coverage_id, policy_id, coverage_type, coverage_limit, deductible, is_optional, description) VALUES (62, 30, 'Liability', 250000.0, 0.0, FALSE, 'Mandatory State Minimum');
INSERT INTO policy_coverages (coverage_id, policy_id, coverage_type, coverage_limit, deductible, is_optional, description) VALUES (63, 30, 'Collision', 50000.0, 500.0, FALSE, 'Accident Repairs');
INSERT INTO policy_coverages (coverage_id, policy_id, coverage_type, coverage_limit, deductible, is_optional, description) VALUES (64, 31, 'Liability', 250000.0, 0.0, FALSE, 'Mandatory State Minimum');
INSERT INTO policy_coverages (coverage_id, policy_id, coverage_type, coverage_limit, deductible, is_optional, description) VALUES (65, 31, 'Collision', 50000.0, 500.0, FALSE, 'Accident Repairs');
INSERT INTO policy_coverages (coverage_id, policy_id, coverage_type, coverage_limit, deductible, is_optional, description) VALUES (66, 32, 'Liability', 250000.0, 0.0, FALSE, 'Mandatory State Minimum');
INSERT INTO policy_coverages (coverage_id, policy_id, coverage_type, coverage_limit, deductible, is_optional, description) VALUES (67, 33, 'Liability', 250000.0, 0.0, FALSE, 'Mandatory State Minimum');
INSERT INTO policy_coverages (coverage_id, policy_id, coverage_type, coverage_limit, deductible, is_optional, description) VALUES (68, 33, 'Collision', 50000.0, 500.0, FALSE, 'Accident Repairs');
INSERT INTO policy_coverages (coverage_id, policy_id, coverage_type, coverage_limit, deductible, is_optional, description) VALUES (69, 34, 'Liability', 250000.0, 0.0, FALSE, 'Mandatory State Minimum');
INSERT INTO policy_coverages (coverage_id, policy_id, coverage_type, coverage_limit, deductible, is_optional, description) VALUES (70, 34, 'Collision', 50000.0, 500.0, FALSE, 'Accident Repairs');
INSERT INTO policy_coverages (coverage_id, policy_id, coverage_type, coverage_limit, deductible, is_optional, description) VALUES (71, 35, 'Liability', 250000.0, 0.0, FALSE, 'Mandatory State Minimum');
INSERT INTO policy_coverages (coverage_id, policy_id, coverage_type, coverage_limit, deductible, is_optional, description) VALUES (72, 35, 'Collision', 50000.0, 500.0, FALSE, 'Accident Repairs');
INSERT INTO policy_coverages (coverage_id, policy_id, coverage_type, coverage_limit, deductible, is_optional, description) VALUES (73, 36, 'Liability', 250000.0, 0.0, FALSE, 'Mandatory State Minimum');
INSERT INTO policy_coverages (coverage_id, policy_id, coverage_type, coverage_limit, deductible, is_optional, description) VALUES (74, 36, 'Collision', 50000.0, 500.0, FALSE, 'Accident Repairs');
INSERT INTO policy_coverages (coverage_id, policy_id, coverage_type, coverage_limit, deductible, is_optional, description) VALUES (75, 37, 'Liability', 250000.0, 0.0, FALSE, 'Mandatory State Minimum');
INSERT INTO policy_coverages (coverage_id, policy_id, coverage_type, coverage_limit, deductible, is_optional, description) VALUES (76, 37, 'Collision', 50000.0, 500.0, FALSE, 'Accident Repairs');
INSERT INTO policy_coverages (coverage_id, policy_id, coverage_type, coverage_limit, deductible, is_optional, description) VALUES (77, 38, 'Liability', 250000.0, 0.0, FALSE, 'Mandatory State Minimum');
INSERT INTO policy_coverages (coverage_id, policy_id, coverage_type, coverage_limit, deductible, is_optional, description) VALUES (78, 39, 'Liability', 250000.0, 0.0, FALSE, 'Mandatory State Minimum');
INSERT INTO policy_coverages (coverage_id, policy_id, coverage_type, coverage_limit, deductible, is_optional, description) VALUES (79, 39, 'Collision', 50000.0, 500.0, FALSE, 'Accident Repairs');
INSERT INTO policy_coverages (coverage_id, policy_id, coverage_type, coverage_limit, deductible, is_optional, description) VALUES (80, 39, 'Passenger Protection', 1000000.0, 0.0, TRUE, 'Active Ride Coverage');
INSERT INTO policy_coverages (coverage_id, policy_id, coverage_type, coverage_limit, deductible, is_optional, description) VALUES (81, 40, 'Liability', 250000.0, 0.0, FALSE, 'Mandatory State Minimum');
INSERT INTO policy_coverages (coverage_id, policy_id, coverage_type, coverage_limit, deductible, is_optional, description) VALUES (82, 40, 'Collision', 50000.0, 500.0, FALSE, 'Accident Repairs');
INSERT INTO policy_coverages (coverage_id, policy_id, coverage_type, coverage_limit, deductible, is_optional, description) VALUES (83, 41, 'Liability', 250000.0, 0.0, FALSE, 'Mandatory State Minimum');
INSERT INTO policy_coverages (coverage_id, policy_id, coverage_type, coverage_limit, deductible, is_optional, description) VALUES (84, 41, 'Collision', 50000.0, 500.0, FALSE, 'Accident Repairs');
INSERT INTO policy_coverages (coverage_id, policy_id, coverage_type, coverage_limit, deductible, is_optional, description) VALUES (85, 42, 'Liability', 250000.0, 0.0, FALSE, 'Mandatory State Minimum');
INSERT INTO policy_coverages (coverage_id, policy_id, coverage_type, coverage_limit, deductible, is_optional, description) VALUES (86, 42, 'Collision', 50000.0, 500.0, FALSE, 'Accident Repairs');
INSERT INTO policy_coverages (coverage_id, policy_id, coverage_type, coverage_limit, deductible, is_optional, description) VALUES (87, 43, 'Liability', 250000.0, 0.0, FALSE, 'Mandatory State Minimum');
INSERT INTO policy_coverages (coverage_id, policy_id, coverage_type, coverage_limit, deductible, is_optional, description) VALUES (88, 43, 'Collision', 50000.0, 500.0, FALSE, 'Accident Repairs');
INSERT INTO policy_coverages (coverage_id, policy_id, coverage_type, coverage_limit, deductible, is_optional, description) VALUES (89, 44, 'Liability', 250000.0, 0.0, FALSE, 'Mandatory State Minimum');
INSERT INTO policy_coverages (coverage_id, policy_id, coverage_type, coverage_limit, deductible, is_optional, description) VALUES (90, 44, 'Collision', 50000.0, 500.0, FALSE, 'Accident Repairs');
INSERT INTO policy_coverages (coverage_id, policy_id, coverage_type, coverage_limit, deductible, is_optional, description) VALUES (91, 45, 'Liability', 250000.0, 0.0, FALSE, 'Mandatory State Minimum');
INSERT INTO policy_coverages (coverage_id, policy_id, coverage_type, coverage_limit, deductible, is_optional, description) VALUES (92, 45, 'Collision', 50000.0, 500.0, FALSE, 'Accident Repairs');
INSERT INTO policy_coverages (coverage_id, policy_id, coverage_type, coverage_limit, deductible, is_optional, description) VALUES (93, 46, 'Liability', 250000.0, 0.0, FALSE, 'Mandatory State Minimum');
INSERT INTO policy_coverages (coverage_id, policy_id, coverage_type, coverage_limit, deductible, is_optional, description) VALUES (94, 46, 'Collision', 50000.0, 500.0, FALSE, 'Accident Repairs');
INSERT INTO policy_coverages (coverage_id, policy_id, coverage_type, coverage_limit, deductible, is_optional, description) VALUES (95, 47, 'Liability', 250000.0, 0.0, FALSE, 'Mandatory State Minimum');
INSERT INTO policy_coverages (coverage_id, policy_id, coverage_type, coverage_limit, deductible, is_optional, description) VALUES (96, 47, 'Collision', 50000.0, 500.0, FALSE, 'Accident Repairs');
INSERT INTO policy_coverages (coverage_id, policy_id, coverage_type, coverage_limit, deductible, is_optional, description) VALUES (97, 48, 'Liability', 250000.0, 0.0, FALSE, 'Mandatory State Minimum');
INSERT INTO policy_coverages (coverage_id, policy_id, coverage_type, coverage_limit, deductible, is_optional, description) VALUES (98, 48, 'Collision', 50000.0, 500.0, FALSE, 'Accident Repairs');
INSERT INTO policy_coverages (coverage_id, policy_id, coverage_type, coverage_limit, deductible, is_optional, description) VALUES (99, 49, 'Liability', 250000.0, 0.0, FALSE, 'Mandatory State Minimum');
INSERT INTO policy_coverages (coverage_id, policy_id, coverage_type, coverage_limit, deductible, is_optional, description) VALUES (100, 49, 'Collision', 50000.0, 500.0, FALSE, 'Accident Repairs');
INSERT INTO policy_coverages (coverage_id, policy_id, coverage_type, coverage_limit, deductible, is_optional, description) VALUES (101, 50, 'Liability', 250000.0, 0.0, FALSE, 'Mandatory State Minimum');
INSERT INTO policy_coverages (coverage_id, policy_id, coverage_type, coverage_limit, deductible, is_optional, description) VALUES (102, 50, 'Collision', 50000.0, 500.0, FALSE, 'Accident Repairs');
INSERT INTO policy_coverages (coverage_id, policy_id, coverage_type, coverage_limit, deductible, is_optional, description) VALUES (103, 51, 'Liability', 250000.0, 0.0, FALSE, 'Mandatory State Minimum');
INSERT INTO policy_coverages (coverage_id, policy_id, coverage_type, coverage_limit, deductible, is_optional, description) VALUES (104, 51, 'Collision', 50000.0, 500.0, FALSE, 'Accident Repairs');
INSERT INTO policy_coverages (coverage_id, policy_id, coverage_type, coverage_limit, deductible, is_optional, description) VALUES (105, 52, 'Liability', 250000.0, 0.0, FALSE, 'Mandatory State Minimum');
INSERT INTO policy_coverages (coverage_id, policy_id, coverage_type, coverage_limit, deductible, is_optional, description) VALUES (106, 52, 'Collision', 50000.0, 500.0, FALSE, 'Accident Repairs');
INSERT INTO policy_coverages (coverage_id, policy_id, coverage_type, coverage_limit, deductible, is_optional, description) VALUES (107, 53, 'Liability', 250000.0, 0.0, FALSE, 'Mandatory State Minimum');
INSERT INTO policy_coverages (coverage_id, policy_id, coverage_type, coverage_limit, deductible, is_optional, description) VALUES (108, 53, 'Collision', 50000.0, 500.0, FALSE, 'Accident Repairs');
INSERT INTO policy_coverages (coverage_id, policy_id, coverage_type, coverage_limit, deductible, is_optional, description) VALUES (109, 54, 'Liability', 250000.0, 0.0, FALSE, 'Mandatory State Minimum');
INSERT INTO policy_coverages (coverage_id, policy_id, coverage_type, coverage_limit, deductible, is_optional, description) VALUES (110, 54, 'Collision', 50000.0, 500.0, FALSE, 'Accident Repairs');
INSERT INTO policy_coverages (coverage_id, policy_id, coverage_type, coverage_limit, deductible, is_optional, description) VALUES (111, 55, 'Liability', 250000.0, 0.0, FALSE, 'Mandatory State Minimum');
INSERT INTO policy_coverages (coverage_id, policy_id, coverage_type, coverage_limit, deductible, is_optional, description) VALUES (112, 55, 'Collision', 50000.0, 500.0, FALSE, 'Accident Repairs');
INSERT INTO policy_coverages (coverage_id, policy_id, coverage_type, coverage_limit, deductible, is_optional, description) VALUES (113, 56, 'Liability', 250000.0, 0.0, FALSE, 'Mandatory State Minimum');
INSERT INTO policy_coverages (coverage_id, policy_id, coverage_type, coverage_limit, deductible, is_optional, description) VALUES (114, 56, 'Collision', 50000.0, 500.0, FALSE, 'Accident Repairs');
INSERT INTO policy_coverages (coverage_id, policy_id, coverage_type, coverage_limit, deductible, is_optional, description) VALUES (115, 57, 'Liability', 250000.0, 0.0, FALSE, 'Mandatory State Minimum');
INSERT INTO policy_coverages (coverage_id, policy_id, coverage_type, coverage_limit, deductible, is_optional, description) VALUES (116, 57, 'Collision', 50000.0, 500.0, FALSE, 'Accident Repairs');
INSERT INTO policy_coverages (coverage_id, policy_id, coverage_type, coverage_limit, deductible, is_optional, description) VALUES (117, 58, 'Liability', 250000.0, 0.0, FALSE, 'Mandatory State Minimum');
INSERT INTO policy_coverages (coverage_id, policy_id, coverage_type, coverage_limit, deductible, is_optional, description) VALUES (118, 58, 'Collision', 50000.0, 500.0, FALSE, 'Accident Repairs');
INSERT INTO policy_coverages (coverage_id, policy_id, coverage_type, coverage_limit, deductible, is_optional, description) VALUES (119, 58, 'Passenger Protection', 1000000.0, 0.0, TRUE, 'Active Ride Coverage');
INSERT INTO policy_coverages (coverage_id, policy_id, coverage_type, coverage_limit, deductible, is_optional, description) VALUES (120, 59, 'Liability', 250000.0, 0.0, FALSE, 'Mandatory State Minimum');
INSERT INTO policy_coverages (coverage_id, policy_id, coverage_type, coverage_limit, deductible, is_optional, description) VALUES (121, 59, 'Collision', 50000.0, 500.0, FALSE, 'Accident Repairs');
INSERT INTO policy_coverages (coverage_id, policy_id, coverage_type, coverage_limit, deductible, is_optional, description) VALUES (122, 60, 'Liability', 250000.0, 0.0, FALSE, 'Mandatory State Minimum');
INSERT INTO policy_coverages (coverage_id, policy_id, coverage_type, coverage_limit, deductible, is_optional, description) VALUES (123, 61, 'Liability', 250000.0, 0.0, FALSE, 'Mandatory State Minimum');
INSERT INTO policy_coverages (coverage_id, policy_id, coverage_type, coverage_limit, deductible, is_optional, description) VALUES (124, 61, 'Collision', 50000.0, 500.0, FALSE, 'Accident Repairs');
INSERT INTO policy_coverages (coverage_id, policy_id, coverage_type, coverage_limit, deductible, is_optional, description) VALUES (125, 62, 'Liability', 250000.0, 0.0, FALSE, 'Mandatory State Minimum');
INSERT INTO policy_coverages (coverage_id, policy_id, coverage_type, coverage_limit, deductible, is_optional, description) VALUES (126, 62, 'Collision', 50000.0, 500.0, FALSE, 'Accident Repairs');
INSERT INTO policy_coverages (coverage_id, policy_id, coverage_type, coverage_limit, deductible, is_optional, description) VALUES (127, 63, 'Liability', 250000.0, 0.0, FALSE, 'Mandatory State Minimum');
INSERT INTO policy_coverages (coverage_id, policy_id, coverage_type, coverage_limit, deductible, is_optional, description) VALUES (128, 64, 'Liability', 250000.0, 0.0, FALSE, 'Mandatory State Minimum');
INSERT INTO policy_coverages (coverage_id, policy_id, coverage_type, coverage_limit, deductible, is_optional, description) VALUES (129, 64, 'Collision', 50000.0, 500.0, FALSE, 'Accident Repairs');
INSERT INTO policy_coverages (coverage_id, policy_id, coverage_type, coverage_limit, deductible, is_optional, description) VALUES (130, 65, 'Liability', 250000.0, 0.0, FALSE, 'Mandatory State Minimum');
INSERT INTO policy_coverages (coverage_id, policy_id, coverage_type, coverage_limit, deductible, is_optional, description) VALUES (131, 66, 'Liability', 250000.0, 0.0, FALSE, 'Mandatory State Minimum');
INSERT INTO policy_coverages (coverage_id, policy_id, coverage_type, coverage_limit, deductible, is_optional, description) VALUES (132, 66, 'Collision', 50000.0, 500.0, FALSE, 'Accident Repairs');
INSERT INTO policy_coverages (coverage_id, policy_id, coverage_type, coverage_limit, deductible, is_optional, description) VALUES (133, 67, 'Liability', 250000.0, 0.0, FALSE, 'Mandatory State Minimum');
INSERT INTO policy_coverages (coverage_id, policy_id, coverage_type, coverage_limit, deductible, is_optional, description) VALUES (134, 67, 'Collision', 50000.0, 500.0, FALSE, 'Accident Repairs');
INSERT INTO policy_coverages (coverage_id, policy_id, coverage_type, coverage_limit, deductible, is_optional, description) VALUES (135, 68, 'Liability', 250000.0, 0.0, FALSE, 'Mandatory State Minimum');
INSERT INTO policy_coverages (coverage_id, policy_id, coverage_type, coverage_limit, deductible, is_optional, description) VALUES (136, 68, 'Collision', 50000.0, 500.0, FALSE, 'Accident Repairs');
INSERT INTO policy_coverages (coverage_id, policy_id, coverage_type, coverage_limit, deductible, is_optional, description) VALUES (137, 69, 'Liability', 250000.0, 0.0, FALSE, 'Mandatory State Minimum');
INSERT INTO policy_coverages (coverage_id, policy_id, coverage_type, coverage_limit, deductible, is_optional, description) VALUES (138, 69, 'Collision', 50000.0, 500.0, FALSE, 'Accident Repairs');
INSERT INTO policy_coverages (coverage_id, policy_id, coverage_type, coverage_limit, deductible, is_optional, description) VALUES (139, 70, 'Liability', 250000.0, 0.0, FALSE, 'Mandatory State Minimum');
INSERT INTO policy_coverages (coverage_id, policy_id, coverage_type, coverage_limit, deductible, is_optional, description) VALUES (140, 70, 'Collision', 50000.0, 500.0, FALSE, 'Accident Repairs');
INSERT INTO policy_coverages (coverage_id, policy_id, coverage_type, coverage_limit, deductible, is_optional, description) VALUES (141, 71, 'Liability', 250000.0, 0.0, FALSE, 'Mandatory State Minimum');
INSERT INTO policy_coverages (coverage_id, policy_id, coverage_type, coverage_limit, deductible, is_optional, description) VALUES (142, 71, 'Collision', 50000.0, 500.0, FALSE, 'Accident Repairs');
INSERT INTO policy_coverages (coverage_id, policy_id, coverage_type, coverage_limit, deductible, is_optional, description) VALUES (143, 72, 'Liability', 250000.0, 0.0, FALSE, 'Mandatory State Minimum');
INSERT INTO policy_coverages (coverage_id, policy_id, coverage_type, coverage_limit, deductible, is_optional, description) VALUES (144, 72, 'Collision', 50000.0, 500.0, FALSE, 'Accident Repairs');
INSERT INTO policy_coverages (coverage_id, policy_id, coverage_type, coverage_limit, deductible, is_optional, description) VALUES (145, 73, 'Liability', 250000.0, 0.0, FALSE, 'Mandatory State Minimum');
INSERT INTO policy_coverages (coverage_id, policy_id, coverage_type, coverage_limit, deductible, is_optional, description) VALUES (146, 73, 'Collision', 50000.0, 500.0, FALSE, 'Accident Repairs');
INSERT INTO policy_coverages (coverage_id, policy_id, coverage_type, coverage_limit, deductible, is_optional, description) VALUES (147, 74, 'Liability', 250000.0, 0.0, FALSE, 'Mandatory State Minimum');
INSERT INTO policy_coverages (coverage_id, policy_id, coverage_type, coverage_limit, deductible, is_optional, description) VALUES (148, 74, 'Collision', 50000.0, 500.0, FALSE, 'Accident Repairs');
INSERT INTO policy_coverages (coverage_id, policy_id, coverage_type, coverage_limit, deductible, is_optional, description) VALUES (149, 75, 'Liability', 250000.0, 0.0, FALSE, 'Mandatory State Minimum');
INSERT INTO policy_coverages (coverage_id, policy_id, coverage_type, coverage_limit, deductible, is_optional, description) VALUES (150, 75, 'Collision', 50000.0, 500.0, FALSE, 'Accident Repairs');
INSERT INTO policy_coverages (coverage_id, policy_id, coverage_type, coverage_limit, deductible, is_optional, description) VALUES (151, 75, 'Passenger Protection', 1000000.0, 0.0, TRUE, 'Active Ride Coverage');
INSERT INTO policy_coverages (coverage_id, policy_id, coverage_type, coverage_limit, deductible, is_optional, description) VALUES (152, 76, 'Liability', 250000.0, 0.0, FALSE, 'Mandatory State Minimum');
INSERT INTO policy_coverages (coverage_id, policy_id, coverage_type, coverage_limit, deductible, is_optional, description) VALUES (153, 76, 'Collision', 50000.0, 500.0, FALSE, 'Accident Repairs');
INSERT INTO policy_coverages (coverage_id, policy_id, coverage_type, coverage_limit, deductible, is_optional, description) VALUES (154, 77, 'Liability', 250000.0, 0.0, FALSE, 'Mandatory State Minimum');
INSERT INTO policy_coverages (coverage_id, policy_id, coverage_type, coverage_limit, deductible, is_optional, description) VALUES (155, 77, 'Collision', 50000.0, 500.0, FALSE, 'Accident Repairs');
INSERT INTO policy_coverages (coverage_id, policy_id, coverage_type, coverage_limit, deductible, is_optional, description) VALUES (156, 78, 'Liability', 250000.0, 0.0, FALSE, 'Mandatory State Minimum');
INSERT INTO policy_coverages (coverage_id, policy_id, coverage_type, coverage_limit, deductible, is_optional, description) VALUES (157, 79, 'Liability', 250000.0, 0.0, FALSE, 'Mandatory State Minimum');
INSERT INTO policy_coverages (coverage_id, policy_id, coverage_type, coverage_limit, deductible, is_optional, description) VALUES (158, 79, 'Collision', 50000.0, 500.0, FALSE, 'Accident Repairs');
INSERT INTO policy_coverages (coverage_id, policy_id, coverage_type, coverage_limit, deductible, is_optional, description) VALUES (159, 80, 'Liability', 250000.0, 0.0, FALSE, 'Mandatory State Minimum');
INSERT INTO policy_coverages (coverage_id, policy_id, coverage_type, coverage_limit, deductible, is_optional, description) VALUES (160, 80, 'Collision', 50000.0, 500.0, FALSE, 'Accident Repairs');
INSERT INTO policy_coverages (coverage_id, policy_id, coverage_type, coverage_limit, deductible, is_optional, description) VALUES (161, 81, 'Liability', 250000.0, 0.0, FALSE, 'Mandatory State Minimum');
INSERT INTO policy_coverages (coverage_id, policy_id, coverage_type, coverage_limit, deductible, is_optional, description) VALUES (162, 81, 'Collision', 50000.0, 500.0, FALSE, 'Accident Repairs');
INSERT INTO policy_coverages (coverage_id, policy_id, coverage_type, coverage_limit, deductible, is_optional, description) VALUES (163, 82, 'Liability', 250000.0, 0.0, FALSE, 'Mandatory State Minimum');
INSERT INTO policy_coverages (coverage_id, policy_id, coverage_type, coverage_limit, deductible, is_optional, description) VALUES (164, 82, 'Collision', 50000.0, 500.0, FALSE, 'Accident Repairs');
INSERT INTO policy_coverages (coverage_id, policy_id, coverage_type, coverage_limit, deductible, is_optional, description) VALUES (165, 83, 'Liability', 250000.0, 0.0, FALSE, 'Mandatory State Minimum');
INSERT INTO policy_coverages (coverage_id, policy_id, coverage_type, coverage_limit, deductible, is_optional, description) VALUES (166, 83, 'Collision', 50000.0, 500.0, FALSE, 'Accident Repairs');
INSERT INTO policy_coverages (coverage_id, policy_id, coverage_type, coverage_limit, deductible, is_optional, description) VALUES (167, 84, 'Liability', 250000.0, 0.0, FALSE, 'Mandatory State Minimum');
INSERT INTO policy_coverages (coverage_id, policy_id, coverage_type, coverage_limit, deductible, is_optional, description) VALUES (168, 84, 'Collision', 50000.0, 500.0, FALSE, 'Accident Repairs');
INSERT INTO policy_coverages (coverage_id, policy_id, coverage_type, coverage_limit, deductible, is_optional, description) VALUES (169, 85, 'Liability', 250000.0, 0.0, FALSE, 'Mandatory State Minimum');
INSERT INTO policy_coverages (coverage_id, policy_id, coverage_type, coverage_limit, deductible, is_optional, description) VALUES (170, 85, 'Collision', 50000.0, 500.0, FALSE, 'Accident Repairs');
INSERT INTO policy_coverages (coverage_id, policy_id, coverage_type, coverage_limit, deductible, is_optional, description) VALUES (171, 86, 'Liability', 250000.0, 0.0, FALSE, 'Mandatory State Minimum');
INSERT INTO policy_coverages (coverage_id, policy_id, coverage_type, coverage_limit, deductible, is_optional, description) VALUES (172, 86, 'Collision', 50000.0, 500.0, FALSE, 'Accident Repairs');
INSERT INTO policy_coverages (coverage_id, policy_id, coverage_type, coverage_limit, deductible, is_optional, description) VALUES (173, 87, 'Liability', 250000.0, 0.0, FALSE, 'Mandatory State Minimum');
INSERT INTO policy_coverages (coverage_id, policy_id, coverage_type, coverage_limit, deductible, is_optional, description) VALUES (174, 87, 'Collision', 50000.0, 500.0, FALSE, 'Accident Repairs');
INSERT INTO policy_coverages (coverage_id, policy_id, coverage_type, coverage_limit, deductible, is_optional, description) VALUES (175, 87, 'Passenger Protection', 1000000.0, 0.0, TRUE, 'Active Ride Coverage');
INSERT INTO policy_coverages (coverage_id, policy_id, coverage_type, coverage_limit, deductible, is_optional, description) VALUES (176, 88, 'Liability', 250000.0, 0.0, FALSE, 'Mandatory State Minimum');
INSERT INTO policy_coverages (coverage_id, policy_id, coverage_type, coverage_limit, deductible, is_optional, description) VALUES (177, 88, 'Collision', 50000.0, 500.0, FALSE, 'Accident Repairs');
INSERT INTO policy_coverages (coverage_id, policy_id, coverage_type, coverage_limit, deductible, is_optional, description) VALUES (178, 89, 'Liability', 250000.0, 0.0, FALSE, 'Mandatory State Minimum');
INSERT INTO policy_coverages (coverage_id, policy_id, coverage_type, coverage_limit, deductible, is_optional, description) VALUES (179, 89, 'Collision', 50000.0, 500.0, FALSE, 'Accident Repairs');
INSERT INTO policy_coverages (coverage_id, policy_id, coverage_type, coverage_limit, deductible, is_optional, description) VALUES (180, 90, 'Liability', 250000.0, 0.0, FALSE, 'Mandatory State Minimum');
INSERT INTO policy_coverages (coverage_id, policy_id, coverage_type, coverage_limit, deductible, is_optional, description) VALUES (181, 90, 'Collision', 50000.0, 500.0, FALSE, 'Accident Repairs');
INSERT INTO policy_coverages (coverage_id, policy_id, coverage_type, coverage_limit, deductible, is_optional, description) VALUES (182, 91, 'Liability', 250000.0, 0.0, FALSE, 'Mandatory State Minimum');
INSERT INTO policy_coverages (coverage_id, policy_id, coverage_type, coverage_limit, deductible, is_optional, description) VALUES (183, 91, 'Collision', 50000.0, 500.0, FALSE, 'Accident Repairs');
INSERT INTO policy_coverages (coverage_id, policy_id, coverage_type, coverage_limit, deductible, is_optional, description) VALUES (184, 92, 'Liability', 250000.0, 0.0, FALSE, 'Mandatory State Minimum');
INSERT INTO policy_coverages (coverage_id, policy_id, coverage_type, coverage_limit, deductible, is_optional, description) VALUES (185, 92, 'Collision', 50000.0, 500.0, FALSE, 'Accident Repairs');
INSERT INTO policy_coverages (coverage_id, policy_id, coverage_type, coverage_limit, deductible, is_optional, description) VALUES (186, 93, 'Liability', 250000.0, 0.0, FALSE, 'Mandatory State Minimum');
INSERT INTO policy_coverages (coverage_id, policy_id, coverage_type, coverage_limit, deductible, is_optional, description) VALUES (187, 93, 'Collision', 50000.0, 500.0, FALSE, 'Accident Repairs');
INSERT INTO policy_coverages (coverage_id, policy_id, coverage_type, coverage_limit, deductible, is_optional, description) VALUES (188, 94, 'Liability', 250000.0, 0.0, FALSE, 'Mandatory State Minimum');
INSERT INTO policy_coverages (coverage_id, policy_id, coverage_type, coverage_limit, deductible, is_optional, description) VALUES (189, 94, 'Collision', 50000.0, 500.0, FALSE, 'Accident Repairs');
INSERT INTO policy_coverages (coverage_id, policy_id, coverage_type, coverage_limit, deductible, is_optional, description) VALUES (190, 95, 'Liability', 250000.0, 0.0, FALSE, 'Mandatory State Minimum');
INSERT INTO policy_coverages (coverage_id, policy_id, coverage_type, coverage_limit, deductible, is_optional, description) VALUES (191, 95, 'Collision', 50000.0, 500.0, FALSE, 'Accident Repairs');
INSERT INTO policy_coverages (coverage_id, policy_id, coverage_type, coverage_limit, deductible, is_optional, description) VALUES (192, 96, 'Liability', 250000.0, 0.0, FALSE, 'Mandatory State Minimum');
INSERT INTO policy_coverages (coverage_id, policy_id, coverage_type, coverage_limit, deductible, is_optional, description) VALUES (193, 96, 'Collision', 50000.0, 500.0, FALSE, 'Accident Repairs');
INSERT INTO policy_coverages (coverage_id, policy_id, coverage_type, coverage_limit, deductible, is_optional, description) VALUES (194, 97, 'Liability', 250000.0, 0.0, FALSE, 'Mandatory State Minimum');
INSERT INTO policy_coverages (coverage_id, policy_id, coverage_type, coverage_limit, deductible, is_optional, description) VALUES (195, 97, 'Collision', 50000.0, 500.0, FALSE, 'Accident Repairs');
INSERT INTO policy_coverages (coverage_id, policy_id, coverage_type, coverage_limit, deductible, is_optional, description) VALUES (196, 98, 'Liability', 250000.0, 0.0, FALSE, 'Mandatory State Minimum');
INSERT INTO policy_coverages (coverage_id, policy_id, coverage_type, coverage_limit, deductible, is_optional, description) VALUES (197, 98, 'Collision', 50000.0, 500.0, FALSE, 'Accident Repairs');
INSERT INTO policy_coverages (coverage_id, policy_id, coverage_type, coverage_limit, deductible, is_optional, description) VALUES (198, 99, 'Liability', 250000.0, 0.0, FALSE, 'Mandatory State Minimum');
INSERT INTO policy_coverages (coverage_id, policy_id, coverage_type, coverage_limit, deductible, is_optional, description) VALUES (199, 99, 'Collision', 50000.0, 500.0, FALSE, 'Accident Repairs');
INSERT INTO policy_coverages (coverage_id, policy_id, coverage_type, coverage_limit, deductible, is_optional, description) VALUES (200, 100, 'Liability', 250000.0, 0.0, FALSE, 'Mandatory State Minimum');
INSERT INTO policy_coverages (coverage_id, policy_id, coverage_type, coverage_limit, deductible, is_optional, description) VALUES (201, 101, 'Liability', 250000.0, 0.0, FALSE, 'Mandatory State Minimum');
INSERT INTO policy_coverages (coverage_id, policy_id, coverage_type, coverage_limit, deductible, is_optional, description) VALUES (202, 101, 'Collision', 50000.0, 500.0, FALSE, 'Accident Repairs');
INSERT INTO policy_coverages (coverage_id, policy_id, coverage_type, coverage_limit, deductible, is_optional, description) VALUES (203, 102, 'Liability', 250000.0, 0.0, FALSE, 'Mandatory State Minimum');
INSERT INTO policy_coverages (coverage_id, policy_id, coverage_type, coverage_limit, deductible, is_optional, description) VALUES (204, 102, 'Collision', 50000.0, 500.0, FALSE, 'Accident Repairs');
INSERT INTO policy_coverages (coverage_id, policy_id, coverage_type, coverage_limit, deductible, is_optional, description) VALUES (205, 103, 'Liability', 250000.0, 0.0, FALSE, 'Mandatory State Minimum');
INSERT INTO policy_coverages (coverage_id, policy_id, coverage_type, coverage_limit, deductible, is_optional, description) VALUES (206, 104, 'Liability', 250000.0, 0.0, FALSE, 'Mandatory State Minimum');
INSERT INTO policy_coverages (coverage_id, policy_id, coverage_type, coverage_limit, deductible, is_optional, description) VALUES (207, 104, 'Collision', 50000.0, 500.0, FALSE, 'Accident Repairs');
INSERT INTO policy_coverages (coverage_id, policy_id, coverage_type, coverage_limit, deductible, is_optional, description) VALUES (208, 105, 'Liability', 250000.0, 0.0, FALSE, 'Mandatory State Minimum');
INSERT INTO policy_coverages (coverage_id, policy_id, coverage_type, coverage_limit, deductible, is_optional, description) VALUES (209, 105, 'Collision', 50000.0, 500.0, FALSE, 'Accident Repairs');
INSERT INTO policy_coverages (coverage_id, policy_id, coverage_type, coverage_limit, deductible, is_optional, description) VALUES (210, 106, 'Liability', 250000.0, 0.0, FALSE, 'Mandatory State Minimum');
INSERT INTO policy_coverages (coverage_id, policy_id, coverage_type, coverage_limit, deductible, is_optional, description) VALUES (211, 106, 'Collision', 50000.0, 500.0, FALSE, 'Accident Repairs');
INSERT INTO policy_coverages (coverage_id, policy_id, coverage_type, coverage_limit, deductible, is_optional, description) VALUES (212, 107, 'Liability', 250000.0, 0.0, FALSE, 'Mandatory State Minimum');
INSERT INTO policy_coverages (coverage_id, policy_id, coverage_type, coverage_limit, deductible, is_optional, description) VALUES (213, 107, 'Collision', 50000.0, 500.0, FALSE, 'Accident Repairs');
INSERT INTO policy_coverages (coverage_id, policy_id, coverage_type, coverage_limit, deductible, is_optional, description) VALUES (214, 108, 'Liability', 250000.0, 0.0, FALSE, 'Mandatory State Minimum');
INSERT INTO policy_coverages (coverage_id, policy_id, coverage_type, coverage_limit, deductible, is_optional, description) VALUES (215, 108, 'Collision', 50000.0, 500.0, FALSE, 'Accident Repairs');
INSERT INTO policy_coverages (coverage_id, policy_id, coverage_type, coverage_limit, deductible, is_optional, description) VALUES (216, 109, 'Liability', 250000.0, 0.0, FALSE, 'Mandatory State Minimum');
INSERT INTO policy_coverages (coverage_id, policy_id, coverage_type, coverage_limit, deductible, is_optional, description) VALUES (217, 109, 'Collision', 50000.0, 500.0, FALSE, 'Accident Repairs');
INSERT INTO policy_coverages (coverage_id, policy_id, coverage_type, coverage_limit, deductible, is_optional, description) VALUES (218, 110, 'Liability', 250000.0, 0.0, FALSE, 'Mandatory State Minimum');
INSERT INTO policy_coverages (coverage_id, policy_id, coverage_type, coverage_limit, deductible, is_optional, description) VALUES (219, 110, 'Collision', 50000.0, 500.0, FALSE, 'Accident Repairs');
INSERT INTO policy_coverages (coverage_id, policy_id, coverage_type, coverage_limit, deductible, is_optional, description) VALUES (220, 111, 'Liability', 250000.0, 0.0, FALSE, 'Mandatory State Minimum');
INSERT INTO policy_coverages (coverage_id, policy_id, coverage_type, coverage_limit, deductible, is_optional, description) VALUES (221, 111, 'Collision', 50000.0, 500.0, FALSE, 'Accident Repairs');
INSERT INTO policy_coverages (coverage_id, policy_id, coverage_type, coverage_limit, deductible, is_optional, description) VALUES (222, 112, 'Liability', 250000.0, 0.0, FALSE, 'Mandatory State Minimum');
INSERT INTO policy_coverages (coverage_id, policy_id, coverage_type, coverage_limit, deductible, is_optional, description) VALUES (223, 112, 'Collision', 50000.0, 500.0, FALSE, 'Accident Repairs');
INSERT INTO policy_coverages (coverage_id, policy_id, coverage_type, coverage_limit, deductible, is_optional, description) VALUES (224, 113, 'Liability', 250000.0, 0.0, FALSE, 'Mandatory State Minimum');
INSERT INTO policy_coverages (coverage_id, policy_id, coverage_type, coverage_limit, deductible, is_optional, description) VALUES (225, 113, 'Collision', 50000.0, 500.0, FALSE, 'Accident Repairs');
INSERT INTO policy_coverages (coverage_id, policy_id, coverage_type, coverage_limit, deductible, is_optional, description) VALUES (226, 114, 'Liability', 250000.0, 0.0, FALSE, 'Mandatory State Minimum');
INSERT INTO policy_coverages (coverage_id, policy_id, coverage_type, coverage_limit, deductible, is_optional, description) VALUES (227, 115, 'Liability', 250000.0, 0.0, FALSE, 'Mandatory State Minimum');
INSERT INTO policy_coverages (coverage_id, policy_id, coverage_type, coverage_limit, deductible, is_optional, description) VALUES (228, 115, 'Collision', 50000.0, 500.0, FALSE, 'Accident Repairs');
INSERT INTO policy_coverages (coverage_id, policy_id, coverage_type, coverage_limit, deductible, is_optional, description) VALUES (229, 116, 'Liability', 250000.0, 0.0, FALSE, 'Mandatory State Minimum');
INSERT INTO policy_coverages (coverage_id, policy_id, coverage_type, coverage_limit, deductible, is_optional, description) VALUES (230, 116, 'Collision', 50000.0, 500.0, FALSE, 'Accident Repairs');
INSERT INTO policy_coverages (coverage_id, policy_id, coverage_type, coverage_limit, deductible, is_optional, description) VALUES (231, 117, 'Liability', 250000.0, 0.0, FALSE, 'Mandatory State Minimum');
INSERT INTO policy_coverages (coverage_id, policy_id, coverage_type, coverage_limit, deductible, is_optional, description) VALUES (232, 117, 'Collision', 50000.0, 500.0, FALSE, 'Accident Repairs');
INSERT INTO policy_coverages (coverage_id, policy_id, coverage_type, coverage_limit, deductible, is_optional, description) VALUES (233, 118, 'Liability', 250000.0, 0.0, FALSE, 'Mandatory State Minimum');
INSERT INTO policy_coverages (coverage_id, policy_id, coverage_type, coverage_limit, deductible, is_optional, description) VALUES (234, 119, 'Liability', 250000.0, 0.0, FALSE, 'Mandatory State Minimum');
INSERT INTO policy_coverages (coverage_id, policy_id, coverage_type, coverage_limit, deductible, is_optional, description) VALUES (235, 119, 'Collision', 50000.0, 500.0, FALSE, 'Accident Repairs');
INSERT INTO policy_coverages (coverage_id, policy_id, coverage_type, coverage_limit, deductible, is_optional, description) VALUES (236, 120, 'Liability', 250000.0, 0.0, FALSE, 'Mandatory State Minimum');
INSERT INTO policy_coverages (coverage_id, policy_id, coverage_type, coverage_limit, deductible, is_optional, description) VALUES (237, 120, 'Collision', 50000.0, 500.0, FALSE, 'Accident Repairs');
INSERT INTO policy_coverages (coverage_id, policy_id, coverage_type, coverage_limit, deductible, is_optional, description) VALUES (238, 121, 'Liability', 250000.0, 0.0, FALSE, 'Mandatory State Minimum');
INSERT INTO policy_coverages (coverage_id, policy_id, coverage_type, coverage_limit, deductible, is_optional, description) VALUES (239, 121, 'Collision', 50000.0, 500.0, FALSE, 'Accident Repairs');
INSERT INTO policy_coverages (coverage_id, policy_id, coverage_type, coverage_limit, deductible, is_optional, description) VALUES (240, 122, 'Liability', 250000.0, 0.0, FALSE, 'Mandatory State Minimum');
INSERT INTO policy_coverages (coverage_id, policy_id, coverage_type, coverage_limit, deductible, is_optional, description) VALUES (241, 122, 'Collision', 50000.0, 500.0, FALSE, 'Accident Repairs');
INSERT INTO policy_coverages (coverage_id, policy_id, coverage_type, coverage_limit, deductible, is_optional, description) VALUES (242, 123, 'Liability', 250000.0, 0.0, FALSE, 'Mandatory State Minimum');
INSERT INTO policy_coverages (coverage_id, policy_id, coverage_type, coverage_limit, deductible, is_optional, description) VALUES (243, 123, 'Collision', 50000.0, 500.0, FALSE, 'Accident Repairs');
INSERT INTO policy_coverages (coverage_id, policy_id, coverage_type, coverage_limit, deductible, is_optional, description) VALUES (244, 124, 'Liability', 250000.0, 0.0, FALSE, 'Mandatory State Minimum');
INSERT INTO policy_coverages (coverage_id, policy_id, coverage_type, coverage_limit, deductible, is_optional, description) VALUES (245, 124, 'Collision', 50000.0, 500.0, FALSE, 'Accident Repairs');
INSERT INTO policy_coverages (coverage_id, policy_id, coverage_type, coverage_limit, deductible, is_optional, description) VALUES (246, 125, 'Liability', 250000.0, 0.0, FALSE, 'Mandatory State Minimum');
INSERT INTO policy_coverages (coverage_id, policy_id, coverage_type, coverage_limit, deductible, is_optional, description) VALUES (247, 125, 'Collision', 50000.0, 500.0, FALSE, 'Accident Repairs');
INSERT INTO policy_coverages (coverage_id, policy_id, coverage_type, coverage_limit, deductible, is_optional, description) VALUES (248, 126, 'Liability', 250000.0, 0.0, FALSE, 'Mandatory State Minimum');
INSERT INTO policy_coverages (coverage_id, policy_id, coverage_type, coverage_limit, deductible, is_optional, description) VALUES (249, 126, 'Collision', 50000.0, 500.0, FALSE, 'Accident Repairs');
INSERT INTO policy_coverages (coverage_id, policy_id, coverage_type, coverage_limit, deductible, is_optional, description) VALUES (250, 127, 'Liability', 250000.0, 0.0, FALSE, 'Mandatory State Minimum');
INSERT INTO policy_coverages (coverage_id, policy_id, coverage_type, coverage_limit, deductible, is_optional, description) VALUES (251, 127, 'Collision', 50000.0, 500.0, FALSE, 'Accident Repairs');
INSERT INTO policy_coverages (coverage_id, policy_id, coverage_type, coverage_limit, deductible, is_optional, description) VALUES (252, 127, 'Passenger Protection', 1000000.0, 0.0, TRUE, 'Active Ride Coverage');
INSERT INTO policy_coverages (coverage_id, policy_id, coverage_type, coverage_limit, deductible, is_optional, description) VALUES (253, 128, 'Liability', 250000.0, 0.0, FALSE, 'Mandatory State Minimum');
INSERT INTO policy_coverages (coverage_id, policy_id, coverage_type, coverage_limit, deductible, is_optional, description) VALUES (254, 128, 'Collision', 50000.0, 500.0, FALSE, 'Accident Repairs');
INSERT INTO policy_coverages (coverage_id, policy_id, coverage_type, coverage_limit, deductible, is_optional, description) VALUES (255, 129, 'Liability', 250000.0, 0.0, FALSE, 'Mandatory State Minimum');
INSERT INTO policy_coverages (coverage_id, policy_id, coverage_type, coverage_limit, deductible, is_optional, description) VALUES (256, 129, 'Collision', 50000.0, 500.0, FALSE, 'Accident Repairs');
INSERT INTO policy_coverages (coverage_id, policy_id, coverage_type, coverage_limit, deductible, is_optional, description) VALUES (257, 130, 'Liability', 250000.0, 0.0, FALSE, 'Mandatory State Minimum');
INSERT INTO policy_coverages (coverage_id, policy_id, coverage_type, coverage_limit, deductible, is_optional, description) VALUES (258, 131, 'Liability', 250000.0, 0.0, FALSE, 'Mandatory State Minimum');
INSERT INTO policy_coverages (coverage_id, policy_id, coverage_type, coverage_limit, deductible, is_optional, description) VALUES (259, 131, 'Collision', 50000.0, 500.0, FALSE, 'Accident Repairs');
INSERT INTO policy_coverages (coverage_id, policy_id, coverage_type, coverage_limit, deductible, is_optional, description) VALUES (260, 132, 'Liability', 250000.0, 0.0, FALSE, 'Mandatory State Minimum');
INSERT INTO policy_coverages (coverage_id, policy_id, coverage_type, coverage_limit, deductible, is_optional, description) VALUES (261, 132, 'Collision', 50000.0, 500.0, FALSE, 'Accident Repairs');
INSERT INTO policy_coverages (coverage_id, policy_id, coverage_type, coverage_limit, deductible, is_optional, description) VALUES (262, 133, 'Liability', 250000.0, 0.0, FALSE, 'Mandatory State Minimum');
INSERT INTO policy_coverages (coverage_id, policy_id, coverage_type, coverage_limit, deductible, is_optional, description) VALUES (263, 133, 'Collision', 50000.0, 500.0, FALSE, 'Accident Repairs');
INSERT INTO policy_coverages (coverage_id, policy_id, coverage_type, coverage_limit, deductible, is_optional, description) VALUES (264, 134, 'Liability', 250000.0, 0.0, FALSE, 'Mandatory State Minimum');
INSERT INTO policy_coverages (coverage_id, policy_id, coverage_type, coverage_limit, deductible, is_optional, description) VALUES (265, 134, 'Collision', 50000.0, 500.0, FALSE, 'Accident Repairs');
INSERT INTO policy_coverages (coverage_id, policy_id, coverage_type, coverage_limit, deductible, is_optional, description) VALUES (266, 135, 'Liability', 250000.0, 0.0, FALSE, 'Mandatory State Minimum');
INSERT INTO policy_coverages (coverage_id, policy_id, coverage_type, coverage_limit, deductible, is_optional, description) VALUES (267, 135, 'Collision', 50000.0, 500.0, FALSE, 'Accident Repairs');
INSERT INTO policy_coverages (coverage_id, policy_id, coverage_type, coverage_limit, deductible, is_optional, description) VALUES (268, 136, 'Liability', 250000.0, 0.0, FALSE, 'Mandatory State Minimum');
INSERT INTO policy_coverages (coverage_id, policy_id, coverage_type, coverage_limit, deductible, is_optional, description) VALUES (269, 136, 'Collision', 50000.0, 500.0, FALSE, 'Accident Repairs');

-- 6. RESET SEQUENCES
SELECT setval('customers_customer_id_seq', (SELECT MAX(customer_id) FROM customers));
SELECT setval('policies_policy_id_seq', (SELECT MAX(policy_id) FROM policies));
SELECT setval('vehicles_vehicle_id_seq', (SELECT MAX(vehicle_id) FROM vehicles));
SELECT setval('claims_claim_id_seq', (SELECT MAX(claim_id) FROM claims));
SELECT setval('policy_coverages_coverage_id_seq', (SELECT MAX(coverage_id) FROM policy_coverages));